roman,sinhala
amma,අම්මා
thaththa,තාත්තා
mage,මගේ
mama,මම
api,අපි
oya,ඔයා
saman,සමන්
kamal,කමල්
nimal,නිමල්
sunil,සුනිල්
gedara,ගෙදර
kawda,කවුද
hari,හරි
kohomada,කොහොමද
pasala,පාසල
guruwaraya,ගුරුවරයා
lamaya,ළමයා
potha,පොත
duwa,දුව
putha,පුතා
yaluwa,යාලුවා
ammai,අම්මයි
thaththai,තාත්තයි
ratta,රට
gama,ගම
watura,වතුර
bath,බත්
kema,කෑම
dawasa,දවස
raathriya,රාත්‍රිය
uthsawaya,උත්සවය
nangi,නංගි
malli,මල්ලි
akka,අක්කා
aiya,අයියා
yogyathama,යෝග්‍යතම
yogyatha,යෝග්‍යතා
yogya,යෝග්‍ය
yogini,යෝගිනී
yoghurt,යෝගට්
yoghat,යෝගට්
yogee,යෝගී
yogayehi,යෝගයෙහි
yogaya,යෝගය
yogat,යෝගට්
yogacharyabhumi,යෝගාචාර්යභූමි
yoga,යෝග
yodun,යොදුන්
yodhagene,යොදාගැනේ
yodha,යෝධ
yodayange,යෝධයන්ගේ
yodayaku,යෝධයකු
yodaya,යොදය
yodawanu,යොදවනු
yodawanne,යොදවන්නෙ
yodawana,යොදවන
yodawa,යොදවා
yodana,යොදන
yodamin,යොදමින්
yodai,යොදයි
yodagenim,යොදාගැනිම්
yodagene,යොදාගැනේ
yodagena,යොදාගෙන
yodagatha,යොදාගත
yodagath wita,යොදා ගත්විට
yodagath,යොදාගත්
yodaganune,යොදාගැනුනේ
yodaganu,යොදාගනු
yodaganna,යොදාගන්නා
yodaganiti,යොදාගනිති
yodaganini,යොදාගැනිණි
yodaganimin,යොදාගනිමින්
yodaganimata,යොදාගැනීමට
yodaganima,යොදාගැනීම
yodagani,යොදාගනී
yodaganeema,යොදාගැනීම
yodaganee,යොදාගනී
yodaageniimen,යෙදාගැනීමෙන්
yodaageniimata,යොදාගැනිමට
yodaagatha,යොදාගත
yodaaganii,යොදාගනී
yodaa,යොදා
yoda,යොදා
yochif,යොචිෆ්
yo,යො
ynwa,යනව
ynnesupiri,යන්නේසුපිරි
ynne,යන්නෙ
ynna,යන්න
ynn,යන්න
ynkm,යනකම්
yna,යන
ymak,යමක්
ylukmk,යාලුකමටත්
ylu,යාලු
ykow,යකූ
yko,යකො
yithuyi,යුතුයි
yiouthuwana,යුතුවන
yi,යි
yhatha,යහත
yeyu,යැයි
yeyo,යැයි
yeyi,යැයි
yewune,යැවුණේ
yewiya,යැවිය
yewime,යැවීමේ
yevimehi,යැවීමෙහි
yevima,යැවීම
yesusthumage,යේසුතුමාගේ
yesus,සේසුස්
yerusalamata,යෙරුසලමට
yepumak,යැපුමක්
yepuma,යැපුම
yepum,යැපුම්
yepiya,යැපිය
yepena,යැපෙන
yemen,යෑමෙන්
yeme,යෑමේ
yemata,යෑමට
yemanaya,යේමනය
yema,යෑම
yellow,යෙලෝ
yel,යේල්
yei,යැයි
yehi,යෙහි
yeh,යේ
yedunu,යෙදුණු
yedunai,යෙදුනායි
yedunaha,යෙදුනහ
yedunada,යෙදුනද
yeduna,යෙදුනා
yedumwalin,යෙදුම්වලින්
yedumwala,යෙදුම්වල
yedumen,යෙදුමෙන්
yedume,යෙදුමේ
yeduman,යෙදුමන්
yedumaki,යෙදුමකි
yedumak,යෙදුමක්
yeduma,යෙදුම
yedum,යෙදුම්
yedu,යෙදූ
yediya,යෙදිය
yedini,යෙදිණි
yedina,යෙදින
yedimvala,යෙදීම්වල
yedimen,යෙදීමෙන්
yedime,යෙදීමේ
yedima,යෙදීම
yedim,යෙදීම්
yedii,යෙදී
yedi,යෙදී
yedethi,යෙදෙති
yedeth,යෙදෙත්
yedenuye,යෙදෙනුයේ
yedenne,යෙදෙන්නේ
yedennata,යෙදෙන්නට
yedenna,යෙදෙන්නා
yedenba,යෙදෙන
yedenawa,යෙදෙනවා
yedena,යෙදෙන
yedemin,යෙදෙමින්
yedem,යෙදීම්
yedeina,යෙදින
yedeemehi,යෙදීමෙහි
yedeemata,යෙදීමට
yedeema,යෙදීම
yedeem,යෙදීම්
yedee,යෙදී
yede,යෙදේ
yeddeemata,යෙදීමට
yedawuu,යෙදවූ
yedawum,යෙදවුම්
yedawiya,යෙදවිය
yedawima,යෙදවීම
yedawei,යෙදවෙයි
yedaweemata,යෙදවීමට
yedawe,යෙදවේ
yedaviya,යෙදවිය
yeast,යීස්ට්
ye,යේ
ybc,YBC
yayuthuya,යායුතුය
yayi,යයි
yayata,යායට
yayak,යායක්
yaya,යාය
yawweoya,යැව්වෙඔයා
yawunu,යැවුනු
yawiya,යැවිය
yawima,යැවීම
yaweeme,යැවීමේ
yaweema,යැවීම
yawe,යැවේ
yawath,යාවත්
yawasanaya,යවසනය
yawanu,යවනු
yawanneku,යවන්නෙකු
yawanne,යවන්නෙ
yawannaku,යවන්නෙකු
yawanna,යවන්න
yawana,යවන
yawan,යවන
yawajeewa,යාවජීව
yawai,යවයි
yawa,යවා
yavimata,යැවීමට
yavannan,යවන්නන්
yavanna,යවන්න
yavana,යවන
yauwata,යෑව්වට
yauwanodayehi,යෞවනෝදයෙහි
yatthuppajjami,යත්‍ථුප්පජ්ජාමි
yatna,යත්න
yatithalapahasukam,යටිතලපහසුකම්
yatithala,යටිතල
yatipatul,‍යටිපතුල්
yatiopaya,යටිඔපය
yatinuwara,යටිනුවර
yatin,යටින්
yatikuru,යටිකුරු
yatikaha,යටිකහ
yatiathata,යටිඅතට
yatiath,යටිඅත්
yati,‍යටි
yathuya,යුතුය
yathurupadhikaruwanage,යතුරුපැදිකරුවන්ගේ
yathuru,යතුරු
yathukarmayak,යාතුකර්මයක්
yathu,යාතු
yaththa,යත්‍ථ
yathrika,යාත්‍රික
yathrawak,යාත්‍රාවක්
yathrawa,යාත්‍රාව
yathoktha,යථොක්ත
yathna,යත්න
yathma,යත්ම
yathi,යති
yathe,යටතේ
yathath,යටත්
yatharupi,යථාරූපී
yatharthaye,යථාර්ථයේ
yatharthayan,යථාර්තයන්
yatharthayak,යථාර්තයක්
yatharthaya,යථාර්ථය
yathartha,යථාර්ථ
yathanubhoothawadaya,යාථානුභුතවාදය
yatha,යථා
yath,යත්
yatawunu,යටවුණු
yatawu,යටවු
yatavu,යටවු
yatathwiya,යටත්විය
yatathwijitha,යටත්විජිත
yatathwesi,යටත්වැසි
yatathwa,යටත්ව
yatathvannange,යටත්වන්නන්ගේ
yatathva,යටත්ව
yatatheya,යටතේය
yatathehi,යටතෙහි
yatathedi,යටතේදී
yatathedakwiya,යටතේදැක්විය
yatathe,යටට්ගේ
yatathata,යටතට
yatath,යටත්
yatateya,යටතේය
yatateda,යටතේද
yatate,යටතේ
yatata,යටට
yatat,යටත්
yatapathwima,යටපත්වීම
yatapath,යටපත්
yatakarala,යටකරල
yatahathsheeliwa,යටහත්ශීලීව
yatagiyawen,යටගියාවෙන්
yatagiya,යටගිය
yatadi,යටදී
yata,යට
yastiya,යශ්ටිය
yasser,යසර්
yassa,යස්ස
yaso,යසෝ
yashodara,යශෝදරා
yasheer,යසීර්
yasasa,යසස
yasa,යස
yapunu,යැපුණු
yapum,යැපුම්
yapapnaya,යාපනය
yapanaye,යාපනයේ
yapanayata,යාපනයට
yapanaya,යාපනය
yapanawa,යෑපෙනප
yapana,යාපන
yanwane,යනවනෙ
yanwa,යන්ව
yanuweni,යනුවෙනි
yanuwenda,යනුවෙන්ද
yanuwen,යනුවෙන්
yanuven,යනුවෙන්
yanu ,යනු
yanu,යනු
yantrika,යාන්ත්‍රික
yantrayanhi,යන්ත්‍රයන්හී
yantrayak,යන්ට්‍රයක්
yantranayata,යාන්ත්‍රණයට
yanthsrana,යාන්ත්‍රණ
yanthriya,යාන්ත්‍රීය
yanthrikaranaya,යාන්ත්‍රිකරණය
yanthrika,යාන්ත්‍රික
yanthrayana,යාන්ත‍්‍රණය
yanthrayaki,යන්ත්‍රයකි
yanthrayak,යන්ත්‍රයක්
yanthraya,යන්ත්‍රය
yanthrawalata,යන්ත්‍රවලට
yanthranayak,යාන්ත්‍රණයක්
yanthranaya,යාන්ත‍්‍රණය
yanthrana,යාන්ත්‍රණ
yanthramanthra,යන්ත්‍රමන්ත්‍ර
```text
yanthraka,යාන්ත්‍රක
yanthra,යන්ත්‍ර
yantharana,යාන්ත්‍රණ
yantharaka,යාන්ත්‍රික
yanthamin,යන්තමින්
yantham,යාන්තම්
yantam,යන්තම්
yanta,යන්ට
yansi,යැංසි
yannta,යන්නට
yanno,යන්‌‌නෝ
yannko,යන්නකො
yanneya,යන්නේය
yannet,යන්නෙත්
yannen,යන්නෙන්
yannehi,යන්නෙහි
yanne,යන්නෙ
yannayi,යන්නයි
yannath,යන්නත්
yannata,යන්නට
yannan,යන්නන්
yannam,‍යන්නම්
yannaki,යන්නකි
yannai,යන්නයි
yannah,යන්නහ්
yannada,යන්නද
yanna,යන්න
yanhi,යාන්හී
yangbanwirodi,යැංබැන්විරෝධී
yaneyan,යංන්‍යොං
yanda,යන්ඩ
yanayin,යානයින්
yanayen,යානයෙන්
yanaye,යානයේ
yanayak,යානයක්
yanaya,යානය
yanawita,යනවිට
yanawata,යනවට
yanawaobata,යනවඔබට
yanawakma,යානාවක්ම
yanawaki,යානවකි
yanawa,යනව
yanavakarana,යනවාකරන්න
yanavaka,යානාවක
yanavak,යානාවක්
yanava,යනව
yanathuru,යනතුරැ
yanathek,යනතෙක්
yanan,යානං
yanakan,යනකන්
yanadiye,යනාදියේ
yanadiyai,යනාදියයි
yanadiya,යනාදිය
yanadi,යනාදී
yana vita,යනවිට
yana,යන
yan,යන්
yamuuapi,යමූඅපි
yamu,යමු
yamthak,යම්තාක්
yamo,යමෝ
yamkisi,යම්කිසි
yamin,යමින්
yami,යමි
yamen,යාමෙන්
yamekuta,යමෙකුට
yameku,යමකු
yamek,යමෙක්
yameem,යාම්ඊම්
yamedi,යාමේදි
yame,යාමේ
yamdhoshaprathikshepa,යාම්දෝෂප්‍රතික්ෂේප
yamayedi,යාමයේදී
yamayata,යාමයට
yamath,යාමත්
yamata,යාමට
yamanaya,යාමනය
yamana,යාමන
yaman,යමන්
yamaku,යමකු
yamaki,යමකි
yamakalaya,යමකාලය
yamaka,යාමක
yamak,යමක්
yamai,යාමයි
yamahi,යමහි
yamahalehi,යමහලෙහි
yamahalak,යමහලක්
yamahala,යමහල
yamahal,යමහල්
yamada,යාමද
yama,යාම
yam seda,යම්සේද
yam,යම්
yaluwonma,යාලුවොනම්
yaluwo,යාලුවො
yaluwekda,යලුවෙක්ද
yaluwaneee,යාලුවනේ
yaluwane,යාලුවනේ
yaluwage,යාලුවගෙ
yalu,යාලු
yaliuthpadanaya,යළිඋත්පාදනය
yalith,යළිත්
yalipadinchi,යළිපදිංචි
yaligodananveemedi,යලිගොඩනැංවීමේදී
yaliagamanaya,යළිආගමනය
yali,යලි
yale,යේල්
yala,යල
yal,යාල්
yakunge,යකුන්ගේ
yakun,යකුන්
yakuma namathi,යැකුම නැමැති
yakuma,යැකුම
yaku,යකු
yakshayo,යක්ෂයෝ
yakshayinta,යක්ෂයන්ට
yakshayin,යක්ෂයින්
yakshayawa,යක්ෂයාව
yakshayata,යක්‍ෂයා‍ට
yakshayanta,යක්ෂයන්ට
yakshayan,යක්ෂයන්
yakshayage,යක්ෂයාගේ
yakshaya,යක්ෂයා
yakshaweshayen,යක්ෂාවේශයෙන්
yakshaniya,යක්‍ෂණිය
yaksha,යක්‍ෂ
yaksen,යක්සෙන්
yaksayin,යක්ෂයින්
yaksayanta,යක්‍ෂයන්ට
yaksa,යක්ෂ
yakovihara,‍යකොවිහාර
yakothoge,යකොතොගෙ
yakooo,යකො
yakoo,යකූ
yakoape,යකොඅපෙ
yako,‍යකො
yakku,යක්කු
yakkama,යක්කම
yaki,යකු
yakeduru,යකැදුරු
yakeduran,යකැදුරන්
yakedura,යකැදුරා
yakberaya,යක්බෙරය
yakata,යකඩ
yakage,යකාගේ
yakaduro,යකදුරෝ
yakadurekma,යකැදුරෙක්ම
yakaduran,යකැදුරන්
yakadura,යකැදුරා
yakadoooomu,යකෝමු
yakadome,යකඩෝමේ
yakada,‍යකඩ
yakaa,යකා
yaka,යකා
yak,මන්
yaida,යයිද
yai16,යයි16
yai,යයි
yahapathwa,යහපත්ව
yahapathakma,යහපතක්ම
yahapatha,යහපත
yahapath,යහපත්
yahapaluwo,යහපාලුවො
yahapakama,යහපත්ක්ම
yahanehi,යහනෙහි
yahana,යහන
yahamaga,යහමග
yahakiya,යාහැකිය
yaha,යහ
yagnawalata,යාච්ඤාවලට
yagnawa,යාච්ඤාව
yagna,යාච්ඤා
yagi,යාගි
yagaye,යාගයේ
yagayata,යාගයට
yagaya,යාගය
yagawaladi,යුගවලදී
yaduna,යෙදුනු
yadi,යදි
yadev,යාදෙව්
yaddi,යද්දි
yaddha,යුද්ධ
yada,ද
yachna,යාච්ඤා
yachanha,යාච්ඤා
yachakayinta,යාචකයින්ට
yabadaya,යාබඳව
yabadawa,යාබදව
yabadava,යාබදව
yabada,යාබද
yaawath,යාවත්
yaapanaya,යාපනය
yaanayata,යානයට
yaanaya,යානය
yaana,යානා
yaamata,යාමට
yaama,යාම
yaaluwo,යාලුවෝ
yaakgnawa,යාච්ඤාව
yaakgna,යාච්ඤා
yaa,යා
ya…,ය
ya,ය
y,යි
xyz,xyz
xy,xy
xperia,Xperia
xml,XML
xkirana,Xකිරණ
xfs,XFS
xfile,එක්ස්ෆයිල්
xenon,සෙනොන්
x,X
wywasthadayakayak,ව්‍යවස්ථාදායකයක්
wyuthpanna,ව්‍යුත්පන්න
wyuhayan,ව්‍යුහයන්
wyuhayaka,ව්‍යූහයක
wyuhayak,ව්‍යුහයක්
wyuhathmakawa,ව්‍යුහාත්මකව
wyuhathmaka,වය්‍යුහාත්මක
wyuhamaya,ව්‍යුහමය
wyuhagatha,ව්යුහගත
wyuha,ව්‍යුහ
wyja,ව්‍යාජ
wyishali,වෛශාලී
wyayama,ව්‍යායාම
wyawasthawen,ව්‍යවස්ථාවෙන්
wyawasthawehi,ව්‍යවස්ථාවෙහි
wyawasthawe,ව්‍යවස්ථාවේ
wyawasthawalin,ව්‍යවස්ථාවලින්
wyawasthawa,ව්‍යවස්ථාව
wyawasthadayakayan,ව්‍යවස්ථාදායකයක්
wyawasthadayakayaki,ව්‍යවස්ථාදායකයකි
wyawastha,ව්‍යවස්ථා
wyawasaikawaki,ව්‍යවසායිකාවකි
wyawaharika,ව්‍යවහාරික
wyawaharayehi,ව්‍යවහාරයෙහි
wyawahara,ව්‍යවහාර
wyawahaaraya,ව්‍යවහාරය
wyawachcheda,ව්‍යවච්ඡේද
wyath,අයත්
wyasa,වයස
wyapthiyatada,ව්‍යාප්තියටද
wyapthiya,ව්යාප්තිය
wyaptha,ව්‍යාප්ත
wyapruthiyak,ව්‍යාපෘතියක්
wyapruthiya,ව්‍යාපෘතිය
wyapruthi,ව්‍යාපෘති
wyaparuthi,ව්‍යාපෘති
wyaparikayo,‍ව්‍යාපාරිකයෝ
wyaparikayan,ව්‍යාපාරිකයන්
wyaparikayaku,ව්‍යාපාරිකයකු
wyaparika,ව්‍යාපාරික
wyaparayen,ව්‍යාපාරයෙන්
wyaparaye,ව්‍යාපාරයේ
wyaparaya,ව්‍යාපාරය
wyapara,ව්යාපාර
wyapaharanaya,ව්‍යාපහරණය
wyanjanakshara,ව්‍යඤ්ජනාක්ෂර
wyakulathawaya,ව්‍යකුලතාවය
wyakarana,ව්‍යාකරණ
wyaja,ව්‍යාජ
wyage,ගයාගේ
wyadi,ව්‍යාධි
wyadeen,ව්‍යාධීන්
wyabadha,ව්‍යාබාධ
wyaaptha,ව්‍යාප්ත
wwelawa,වේලාව
wwe,WWE
wv25,WV25
wuyhayan,ව්‍යුහයන්
wuyeya,වුයේය
wuye,වුයේ
wuwuada,වුවද
wuweya,වූවේය
wuwe,වූවේ
wuwaya,වූවාය
wuwath,වුවත්
wuwange,වූවන්ගේ
wuwamanawan,වුවමනාවන්
wuwamanawa,වුවමනාව
wuwamanaawenma,වුවමනාවෙන්ම
wuwak,වුවක්
wuwahothya,වුවහොත්ය
wuwahoth,වුවහොත්
wuwada,වුවද
wuwa,වුව
wuveda,වූවේද
wuvaya,වූවාය
wuvath,වූවත්
wuvan,වුවන්
wuvak,වූවක්
wuvada,වුවද
wuva,වුව
wuuye sinha ghaathakayaa,වූයේ සිංහඝාතකයා
wuuye,වූයේ
wuuwath,වූවත්
wuuwa,වූවා
wuuha,වූහ
wuu,වූ
wuth,වූත්
wushana,වෘෂණ
wurunu,වුරුණු
wurththiya,වෘත්තීය
wurththagandi,වෘත්තගන්ධි
wurthiyamaya,වෘත්තිමය
wurthiya,වෘත්තිය
wurthithiya,වෘත්තීය
wurthimaya,වෘත්තිමය
wurthikayan,වෘත්තිකයන්
wurtheeyamaya,වෘත්තීයමය
wurtheeyama,වෘත්තීයම
wurtheen,වෘර්තීන්
wurthayan,වෘත්තයන්
wurthantha,වෘත්තාන්ත
wurtha,වෘත්ත
wurkayek,වෘකයෙක්
wurkayan,වෘකයන්
wurkaya,වෘකයා
wupasamanayata,වුපසමනයට
wunu,වුණු
wuni,වුනි
wune,වූයේ
wundtgen,වුන්ඩ්ගෙන්
wundt,වුන්ඩ්
wund,වුන්ඩ්
wunath,වුනත්
wuna,උන
wun,වුන්
wuksha,වෘක්ෂ
wukali,වූකලි
wuha,වූහ
wuda,වුද
wu,වු
wtrak,විතරක්
wtinw,වටිනවා
wtina,වටින
wthurin,අතුරින්
wtarai,විතරයි
wsin,විසින්
wruththaye,වෘත්තයේ
wruthanthayakriyadama,වෘත්තාන්තක්‍රියාදාම
wruthantha,වෘත්තාන්ත
wrutha,ව්‍රත
wrushana,වෘෂණ
wrushabayekuge,වෘෂභ‍යෙකුගේ
wrunthaye,වෘන්තයේ
wrukshaye,වෘක්ෂයේ
wrukshayata,වෘකෂයට
wrukshayai,වෘක්ෂයයි
wrukshaya,වෘක්ෂය
wrukshalatha,වෘක්‍ෂලතා
wrukshaata,වෘක්ෂයට
wruksha,වෘක්ෂ
wrna,වෙන
writ,රීට්
wrikramarchi,වික්‍රමාර්ච්චි
wrgyk,වර්ගයක්
wrdinna,වරදින්න
wrdhanayata,වර්ධනයට
wpanayanakaru,අපනයනයකරු
woxge,වොක්ස්ගේ
wox,වොක්ස්
wowwwwww,වාව්
wowwww,වාව්
woww,වාව්
wowsuneera,වාව්සුනීර
wowlassana,වාව්ලස්සන
wow,වාව්
wotson,වොට්සන්
woter,වොටර්
woster,වෝස්ටර්
woshintan,වොෂින්ටන්
worn,වෝන්
worlds,වර්ල්ඩ්ස්
world,වර්ල්ඩ්
work,වර්ක්
worinwonganjigoth,වොරින්චොංගංජිගොක්
word,වොර්ඩ්
wooyeya,වු‍යේය
wooye,වූයේ
woowww,වව්
woowoyaanm,වාව්ඔයානම්
wooweki,වූවෙකි
woowe,වූවේ
woowayai,වූවායැයි
woowaya,වූවාය
woowange,වූවන්ගේ
woowaki,වූවකි
woowak,වුවක්
woowada,වුවාද
woow,වාව්
wooth,වූත්
wooow,වාව්
woooowww,වාව්
woooow,වාව්
wooooow,වාව්
woooooowwwww,වාව්
woooooo,වාව්
wools,වුල්ස්
woolf,වුල්ෆ්
wookali,වුකලි
wooha,වුහ
woo,වූ
wonson,වොන්සන්
woner,වෝනර්
won,වොන්
womens,විමෙන්ස්
wolstankraft,වොල්ස්ටන්ක්‍රාෆ්ට්
wolkin,වෝල්කිල්
wolkil,වෝල්කිල්
wolga,වොල්ග
wolden,වෝල්ඩන්
woldan,වෝල්ඩන්
wokta,වොක්ට
woksge,වොක්ස්ගේ
woks,වොක්ස්
wois,වොයිස්
wodvil,වෝඩිවිල්
wo,වෝ
wnwa,වෙනව
wnna,වෙන්න
wna,වන
wlt,වලට
wliyen,එලියෙන්
wlin,වලින්
wlath,වලත්
wlata,වලට
wjrapani,වජ්‍රපාණි
wiyuthpannayak,වියුත්පන්නයක්
wiyowen,වියෝවෙන්
wiyojanaya,වියෝජනය
wiyia,විය
wiyera,වියේරා
wiyehi,වියෙහි
wiyedi,වියේදී
wiye,වියේ
wiydm,වියදම්
wiyayama,වියායාම
wiyawasthathmaka,ව්‍යවස්ථාත්මක
wiyawasthadayaka,ව්‍යවස්ථාදායක
wiyatnamayen,වියට්නාමයෙන්
wiyatnama,වියට්නාම්
wiyata,වියට
wiyapthiya,ව්‍යාප්තිය
wiyapthaka,ව්‍යාප්තක
wiyaptha,ව්යාප්ත
wiyapath,වියපත්
wiyana,වියන
wiyan,වියන්
wiyalimata,වියළීමට
wiyalibim,වියළිබිම්
wiyali,වියලි
wiyaleemata,වියලීමට
wiyakee,වියෑකි
wiyaheka,වියහැක
wiyadamin,වියදමින්
wiyadamak,වියදමක්
wiyadamada,වියදමද
wiyadama,වියදම
wiyadam,වියදම්
wiya2009,විය2009
wiya2001,විය2001
wiya1,විය1
wiya,විය
wiwurthawa,විවෘතව
wiwurtha,විවෘත
wiwime,විවීමේ
wiwidhatwaya,විවිධත්වය
wiwidhathwayakin,විවිධත්වයකින්
wiwidhathwayak,විවිධත්වයක්
wiwidhakarawu,විවිධාකාරවූ
wiwidha,විවිධ
wiwidawu,විවිධවූ
wiwidathwaya,විවිධත්වය
wiwidakara,විවිධාකාර
wiwida,විවිධ
wiweki,විවේකී
wiwekagara,විවේකාගාර
wiwechanayata,විවේචනයට
wiwechanayanta,විවේචනයන්ට
wiwechanaya,විවේචනය
wiwechana,විවේචන
wiwarthaneeya,විවර්තනීය
wiwarthanayata,විවර්තනයට
wiwarawala,විවරවල
wiwarawa,විවරව
wiwaranaya,විවරණය
wiwarana,විවරණා
wiwara,විවර
wiwahayen,විවාහයෙන්
wiwahayak,විවාහයක්
wiwahaya,විවාහය
wiwahawu,විවාහවූ
wiwahapathwu,විවාහපත්වූ
wiwahaka,විවාහක
wiwaha,විවාහ
wiwadaya,විවාදය
wiwadathmakawakousher,විවාදාත්මකවකොෂර්
wiwadathmaka,විවාදාත්මක
wiwadakayange,විවාදකයන්ගේ
wiwada,විවාද
wiwaahayata,විවාහයට
wiwaahaya,විවාහය
wiwaaha,විවාහ
wiwaadanaya,විවාදනය
wivurthawa,විවෘතව
wivurtha,විවෘත
wivida,විවිධ
wivekaya,විවේකය
wivechanaya,විවේචනය
wiuhayan,ව්‍යුහයක්
witthikaruwan,විත්තකරුවන්
witthikaruwaku,විත්තිකරුවකු
witthikaruta,විත්තිකරුට
witthi,විත්ති
withthiwachakayaka,විත්තිවාචකයක
withthiwachakayak,විත්තිවාචකයක්
withthiwachaka,විත්තිවාචක
withthikarunge,විත්තිකරුගේ
withthikaru,විත්තිකරු
withrk,විතරක්
withrda,විතරද
withrak,විතරක්
withra,විතර
without,විතවූට්
withathiya,විතතිය
witharkawalata,විතර්කවලට
witharakma,විතරක්ම
witharak,විතරක්
witharaiteruwan,විතරයිතෙරුවන්
witharaine,විතරයිනෙ
witharai,විතරයි
witharada,විතරද
withara,විතර
withansaya,විතංසය
withanage,විතානගේ
withan,විතැන්
withama,විටම
witha,විත
with biya,විත් බිය
with,විත්
witeka,විටෙක
witayi,විටයි
witaya,විටය
witath,විටත්
witasiyawun,සිටසියාවුන්
witarai,විතරයි
witaradaaluth,විතරදඅලුත්
witamin,විටමින්
witama,විටම
witakath,විටකත්
witaka,විටක
witai,විටයි
witadi,විටදී
witadeeya,විටදීය
witada,විටද
wita,විට
wiswasada,විශ්වාසද
wiswasa,විස්වාස
wisuruwa,විසුරුවා
wisurum,විසුරුම්
wisure,විසුරේ
wisuddhi,විසුද්ධි
wisu,විසූ
wistlandhi,විස්ටිලන්ඩ්හි
wisthsaranaya,විස්තාරණය
wistharayanhi,විස්තරයන්හී
wistharayakata,විස්තරයකට
wistharayak,විස්තරයක්
wistharaya,විස්තරය
wistharawala,විස්තරවල
wistharathmaka,විස්තරාත්මක
wistharada,විස්තරද
wisthara,විස්තර
wissars,පිස්සාර්ස්
wissak,විස්සක්
wissajjana,විස්සජ්ජන
wissai,විස්සයි
wisrama,විශ්‍රාම
wisn,විසින්
wismayata,විස්මයට
wisiwunu,විසිවුණු
wisiwni,විසිවෙනි
wisiwana,විසිවන
wisithuruya,විසිතුරුය
wisithuru,විසිතුරු
wisiruwa,විසිරුවා
wisirii,විසිරී
wisiri,විසිරී
wisirena,විසිරෙන
wisireemata,විසිරීමට
wisirawana,විසිරවන
wisira,විසිර
wisinsanskaranaya,විසින්සංස්කරණය
wisinsalakana,විසින්සලකන
wisinma,විසින්ම
wisini,විසිනි
wisinda,විලසින්ද
wisin,විසින්
wisikaranna,විසිකරන්නා
wisih,විසින්
wisideka,විසිදෙක
wisi,විසි
wishwshanga,විශේෂාංග
wishwidyakayata,විශ්වවිද්‍යාලයට
wishwayen,විශ්වයේ
wishwaye,විශ්වයේ
wishwawidyalayak,විශ්වවිද්යාලයක්
wishwawidyalaya,විශ්වවිද්‍යාලය
wishwawidhyala,විශ්වවිද්යාල
wishwavidyalaye,විශ්වවිද්‍යාලයේ
wishwavidyalayaka,විශ්වවිද්‍යාලයක
wishwavidyalaya,විශ්වවිද්යාලය
wishwavidyala,විශ්වවිද්‍යාල
wishwasyak,විශ්වාසයක්
wishwasidyalayak,විශ්වවිද්යාලයක්
wishwasayanta,විශ්වාසයන්ට
wishwasayan,විශ්වාසයන්
wishwasayakin,විස්වාසයකින්
wishwasayak,ව්ශ්වාසයක්
wishwasayai,විශ්වාසයයි
wishwasaya,විශ්වාසය
wishwasawanthayin,විශ්වාසවන්තයින්
wishwasaneeyathwayai,විශ්වාසනියත්වයයි
wishwasaneeya,විශ්වසනීය
wishwasa,විශ්වාස
wishwanatha,විශ්වනාථ
wishwakoshaye,විශ්වකෝෂයේ
wishwakoshaya,විශ්වකෝෂය
wishwakosha,විශ්වකෝෂ
wishwaasa,විශ්වාස
wishwa,විශ්ව
wishvasniyathwaya,විශ්වාසනීයත්වය
wishvasaya,විශ්වාසය
wishvasa,විශ්වාස
wishtumawada,සිතුවම්ද
wishrama,විශ්‍රාම
wishnuge,විෂ්ණුගේ
wishnu,විෂ්ණු
wishmayata,විස්මයට
wishmayakara,විස්මයාකාර
wishmaya,විශ්මය
wishma,විශ්ම
wishleshayana,විශ්ලේෂණය
wishleshanayedi,විශ්ලේෂණයෙදී
wishleshanayakin,විශ්ලේෂණයකින්
wishleshanayak,විශ්ලේෂණයක්
wishleshanaya,විශ්ලේෂණයේ
wishleshanaathmaka,විශ්ලේෂනාත්මක
wishleshana,විශ්ලේෂණ
wishleshakayan,විශ්ලේෂකයන්
wishkambhayata,විෂ්කම්භයට
wishkambhayak,විෂ්කම්භයක්
wishkambha,විෂ්කම්භ
wishkambaya,විෂ්කම්භය
wishistathwayen,විශ්ඨත්වයෙන්
wishista,විශිෂ්ඨ
wishishta,විශිෂ්ඨ
wishin,විසින්
wisheshiya,විශේෂිය
wisheshithawa,විශේෂිතව
wisheshitha,විශේෂිත
wisheshesha,විශේෂ
wisheshayenma,විශේෂයෙන්ම
wisheshayen,විශේෂයෙන්
wisheshayema,විශේෂයෙම
wisheshaye,විශේෂයේ
wisheshayaki,විශේෂයකි
wisheshayakata,විශේෂයකට
wisheshayaka,විශේෂයක
wisheshayak,විශේෂයක්
wisheshayai,විශේෂයයි
wisheshaya,විශේෂය
wisheshatha,විශේෂතා
wisheshaniya,විශේෂණීය
```text
wisheshanayanhi,විශේෂනයන්හි
wisheshanaya,විශේෂනය
wisheshana,විශේෂණ
wisheshagnathawayak,විශේෂඥතාවයක්
wisheshagna,විශේෂඥ
wisheshachathawak,විශේෂඥතාවක්
wisheshacha,විශේෂඥ
wishesha,විශේෂ
wishesayenma,විශේෂයෙන්ම
wishesayen,විශේෂයෙන්
wishesaye,විශේෂයේ
wishesayatath,විශේෂයටත්
wishesayaki,විශේෂයකි
wishesayak,විශේෂයක්
wishesaya,විශේෂය
wishesathwayaki,විශේෂත්වයකි
wishesathwaya,විශේෂත්වය
wishesagnayang,විශේෂඥයන්ගේ
wishesagnayaku,විශේෂඥයකු
wishesagnayak,විශේෂඥයන්
wishesa,විශේෂ
wisheleshana,විශ්ලේෂණ
wishehsyena,විශේෂයෙන්
wishehsyen,විශේෂයෙන්
wishehs,විශේෂ
wishayehi,විෂයෙහි
wishayayehi,විෂයෙහි
wishayayan,විෂයයන්
wishayayak,විෂයක්
wishayaya,විෂයය
wishayapathayaki,විෂයපථයකි
wishayamalawak,විෂයමාලාවක්
wishayamala,විෂයමාලා
wishayak,විෂයක්
wishaya,විෂය
wishawa,විෂය
wishamatha,විෂමතා
wishama,විෂම
wishalge,විශාල්ගේ
wishalayaka,විශාලයක
wishalathwayen,විශාලත්වයෙන්
wishalathwayan,විශාලත්වයන්
wishalathwayak,විශාලත්වයක්
wishalathwaya,විශාලත්වය
wishalathama,විශාලතම
wishalatham,විශාලතම
wishalaka,විශාලක
wishala,විශාල
wishada,විශද
wishaalathwayen,විශාලත්වයෙන්
wishaala,විශාල
wisha,විශ
wish,විශ්
wiseema,විසීම
wisdumak,විසදුමක්
wisconuvaraya,විස්කවුන්ට්වරයා
wisarjanayak,විසර්ජනයක්
wisarjana,විසර්ජන
wisaranaya,විසරණය
wisandumak,විසඳුමක්
wisanduma,විසඳුම
wisandum,විසඳුම්
wisandi,විසන්ධි
wisandeeme,විසඳීමේ
wisandeematha,විසඳීමට
wisandeemata,විසඳීමට
wisandeema,විසඳීම
wisandannata,විසඳන්නට
wisanadagannawa,විසඳගන්නවා
wisal,විසල්
wisadumak,විසදුමක්
wisadum,විසදුම්
wisadiima,විසදීම
wisadagatta,විසදගත්ත
wiruupanayata,විරූපණයට
wirupanayaata,විරූපණයට
wirupanaya,විරූපණය
wiruddhawa,විරුද්ධව
wiruddha,විරුද්ධ
wiruddawa,විරුද්ධව
wirudda,විරුද්ධ
wiru,විරූ
wirt,වීර්ට්
wirodi,විරොධී
wirodhyaku,විරෝදිතයෙකු
wirodhi,වරෝධී
wirodhathawayan,වි‍රෝධතාවයන්
wirodhathawayak,විරෝධතාවයක්
wirodhathawa,විරෝධතාව
wirodhatha,විරෝධතා
wirodee,විරෝධි
wirodayata,විරෝධයට
wirodaya,විරෝධය
wirodathwayak,විරෝධත්වයක්
wirodatha,විරෝධතා
wirodakalpayan,විරෝධාකල්පයන්
wirithak,විරිතක්
wirith,විරිත්
wirayeku,වීරයෙකු
wirasinha,වීරසිංහ
wirasaka,විරසක
wirapandu,වීරපණ්ඩු
wirala,විරල
wiral,විරල
wipulasara,විපුලසාර
wiplawayen,විප්ලවයෙන්
wiplawayata,විප්ලවයට
wiplawaya,විප්ලවය
wiplaawaya,විප්ලවය
wiphajana,විභජනා
wipathanayan,විපථනයන්
wipathakada,විපතකද
wipath,විපත්
wipassana,විපස්සනා
wiparyasayakata,විපර්යාසයකට
wiparyasaya,විපර්යාසය
wiparyasa…,විපර්‍යාස
wiparyasa,විපර්‍යාස
wipakshawa,විපක්ෂව
wipaka,විපාක
winyasayata,වින්‍යාසයට
winyasa,වින්‍යාස
winston,වින්ස්ටන්
winsont,වින්සන්ට්
winsion,වින්සන්
winsi,වින්සි
winsa,විනාස
winodos,වින්ඩෝස්
winodayak,විනෝදයක්
winodansha,විනෝදාංශ
winodakamee,විනෝදකාමී
winiwidum,විනිවිදුම්
winitha,විනීත
winishchyaya,විනිශ්චය
winishchayata,විනිශ්චයට
winishchayan,විනිශ්චයන්
winishchayama,විනිශ්චයම
winishchayakarawarayeku,විනිශ්චකාරවරයෙකු
winishchaya,විනිශ්චය
winil,විනිල්
wini,විණි
winedeemakata,විදීමකට
wine,වයින්
windy,වින්ඩි
windows,වින්ඩෝස්
windos,වින්ඩෝස්
windithi,විදිති
windithayage,වින්දිතයාගේ
windinne,විදින්නේ
windinnata,විඳින්නට
windinna,වින්දින්න
windimin,විඳිමින්
windi,වින්ඩි
windhoek,වින්ඩ්හෝක්
windhel,වින්ඩ්හෙල්ම්
windeya,වින්දේය
windeeme,විඳීමේ
winde,වින්දෙ
windanaye,වින්දනයේ
windanathmaka,වින්දනාත්මක
windana,වින්දන
windaaparade,වින්දඅපරාදෙ
winda,වින්දා
winayakarma,විනයකර්ම
winaya,විනය
winawa,වෙනව
winashayedi,විනාශයේදී
winashayata,විනාශයට
winashayai,විනාශයයි
winashaya,විනාශය
winashaweemata,විනාශවීමට
winashawa,විනාශව
winashakari,විනාශකාරී
winashakaree,විනාශකාරී
winashaata,විනාශයට
winasha,විනාශ
winasayath,විනාසයත්
winadiyaka,විනාඩියක
winadi,විනාඩි
wina,විනා
win,වින්
wimukthiya,විමුක්තිය
wimukthi,විමුක්ති
wimochakaye,විමෝචකයේ
wimochakayak,විමෝචකයක්
wimochakaya,විමෝචකය
wimochaka,විමෝචක
wimi,වීමි
wimeni,වීමෙනි
wimen,වීමෙන්
wimeka,වීමෙකි
wime,වීමේ
wimayi,වීමයි
wimath,වීමත්
wimatath,වීමටත්
wimata,වීමට
wimasuweya,විමසුවේය
wimasumakadi,විමසුමකදී
wimasuma,විමසුම
wimasum,විමසුම්
wimasimedi,විමසීමේදී
wimasillen,විමසිල්ලෙන්
wimasiimedi,විමසීමේදී
wimaseema,විමසීම
wimasannam,විමසන්නම්
wimasamini,විමසමිනි
wimasa,විමසා
wimarshanayedi,විමර්ශනයේදී
wimarshanayata,විමර්ශනයට
wimarshanayaka,විමර්ශනයක
wimarshanaya,විමර්ශනය
wimarshanawalata,විමර්ශනවලට
wimarshanathmaka,විමර්ශනාත්මක
wimarshana,විමර්ශන
wimanaya,විමානය
wimalaweera,විමලවීර
wimalaveera,විමලවීර
wimaladharmasuriya,විමලධර්මසූරිය
wimaladharmasooriya,විමලධර්මසූරිය
wimaladarmasooriya,විමලධර්මසූරිය
wimaladarma,විමළධර්ම
wimaki,වීමකි
wimaka,විමක්
wimak,වීමක්
wimai,වීමයි
wimadyagatha,විමධ්‍යගත
wimada,වීමද
wima,වීම
wim pipirim,විම්පිපිරීම්
wim,වීම්
wilwala,විල්වල
wilson,විල්සන්
wilpattuwe,විල්පත්තුවේ
wilpatthuwe,විල්පත්තුවේ
wilopikayangen,විලෝපිකයන්ගෙන්
wilopikayan,විලෝපිකයන්
wilopikaya,විලෝපිකයා
wiloma,විලෝම
wilo,විලෝ
willow,විලෝ
williamta,විලියම්ට
williama,විලියම්
william,විලියම්
willhel,විල්හෙල්
will,විල්
wilkinson,විල්කින්සන්
wiljansa,විල්ජංසා
wiliam,විලියම්
wili,විළි
wilhelm,විල්හෙල්ම්
wilgam,විල්ගම්
wilful,විල්ෆුල්
wilfred,විල්ප්‍රඩ්
wilegoda,විලේගොඩ
wile,විලෙ
wilbaweta,විල්බාවේට
wilbawe,විල්බාවේ
wilayanaya,විලයනය
wilayana,විලයන
wilavun,විලවුන්
wilasithawala,විලාසිතාවල
wilasithawa,විලාසිතාව
wilasitha,විලාසිතා
wilasinda,විලසින්ද
wilasayata,විලාසයට
wilasayakini,විලාසයකිනි
wilasaya,විලාසය
wilas,විලාස්
wilagama,විලගම
wilaasithaawak,විලාසිතාවක්
wikunum,විකුණුම්
wikunanna,විකුනන්න
wikunana,විකුනන්න
wikunan,විකුනන්
wikuna,විකුණා
wikum,විකුම්
wiktar,වික්ටර්
wikshaya,විකාශය
wikriyaawalata,වික්‍රියාවලට
wikramapandya,වික්‍රමපාණ්ඩ්‍ය
wikrama,වික්‍රම
wikram,වික්‍රම්
wikiranayan,විකිරණයන්
wikiranaya,විකිරණය
wikiranawedeen,විකිරණවේදීන්
wikiranasheeli,විකිරණශීලි
wikiranasheeleethawayak,විකිරණශීලීතාවයක්
wikiranasheelee,විකිරණශීලී
wikirana,විකිරණ
wikipeedia,විකිපීඩියා
wikiniima,විකිණිම
wikineema,විකිණීම
wikiliye,විකිලියේ
wikhadanaya,විඛාදනය
wikasitha,විකසිත
wikashayan,විකාශයන්
wikashaya,විකාශය
wikashanaye,විකාශනයේ
wikashanayak,විකාශනයක්
wikashanaya,විකාෂනය
wikashanawala,විකාශනවල
wikashana,විකාශන
wikasayata,විකාසයට
wikasanayawuye,විකසනයවූයේ
wikasanayata,විකසනයට
wikasanaya,විකසනය
wikarshanaya,විකර්ශනය
wikarnayaka,විකර්ණයක
wikarna,විකර්ණ
wikarayakda,විකාරයක්ද
wikara,විකාර
wikandanaya,විඛණ්ඩනය
wikalpayan,විකල්පයන්
wikalpayak,විකල්පයක්
wikalpayai…,විකල්පයයි
wikalpa,විකල්ප
wijiya,වීජීය
wijithayak,විජිතයක්
wijithawala,විජිතවල
wijithavadin,විජිතවාදීන්
wijithakaraka,විජිතකාරක
wijitha,විජිත
wijewira,විජේවීර
wijewikrama,විජේවිකුම
wijetunga,විජේතුංග
wijesuriya,විජේසූරිය
wijesooriya,විජේසූරිය
wijesinghe,විජේසිංහ
wijesekara,විජේසේකර
wijerathne,විජේරත්න
wijendra,විජේන්ද්‍ර
wijekoon,විජේකෝන්
wijayathunga,විජයතුංග
wijayai,විජයි
wijayagrahi,විජයග්‍රාහී
wijayabahu,විජයබාහු
wijaya,විජය
wiime,වීමේ
wiimata,වීමට
wiima,වීම
wiim,වීම්
wii,වී
wihin,විහින්
wihiluwatawath,විහිලුවටවත්
wihilu,විහිලු
wihiduwa,විහිදුවා
wihidini,විහිදිනි
wihidii,විහිදී
wihidi,විහිදී
wihidena,විහිදෙන
wihidei,විහිදෙයි
wihidee,විහිදී
wihida,විහිදා
wiharsthanaya,විහාරස්ථානය
wiharaye,විහාරයේ
wiharayak,විහාරයක්
wiharaya,විහාරය
wiharasthanaye,විහාරස්ථානයේ
wiharasthanayakata,විහාරස්ථානයකට
wihara,විහාර
wihaara,විහාර
wigrahaya,විග්‍රහය
wigraha,විග්‍රහ
wighatanaye,විඝටනයේ
wigasin,විගසින්
wigasa,විගස
wigamana,විගමන
wifi,වයිෆයි
wife,වයිෆ්
wif,වයිෆ්
widyuthmaya,විද්‍යුත්මය
widyuth,විද්‍යුත්
widyta,විදියට
widyodaya,විද්යෝදය
widyawedi,විද්‍යාවේදී
widyawe,විද්‍යාවේ
widyawath,විදියවත්
widyawata,විද්‍යාවට
widyawa,විද්‍යාව
widyathmaka,විද්‍යාත්මක
widyaleeya,විද්‍යාලීය
widyalaye,විද්‍යාලයේ
widyalayata,විද්‍යාලයට
widyalawalata,විද්‍යාලවලට
widyagnayange,විද්‍යාඥයනගේ
widyaakgnayeku,විද්‍යාඟයෙකු
widyaagaaradeshana,විද්‍යාගාරදේශන
widwath,විද්වත්
widuytama,විදියටම
widuruwak,වීදුරුවක්
widuru,වීදුරු
widuliya,විදුලිය
widulibalaya,විදුලිබලය
widuli,විදුලි
widuhalpathiwarun,විදුහල්පතිවරුන්
widuhalpathiwarayaage,විදුහල්පතිවරයාගේ
widuhale,විදුහලේ
widuhala,විදුහල
widiyta,විදියට
widiyt,විදියට
widiyath,විදියත්
widiyatath,විදියටත්
widiyatama,විදියටම
widiyatagodak,විදියටගොඩක්
widiyata,විදියට
widiyakin,විදියකින්
widiyakata,විදියකට
widiyak,විදියක්
widiya,විදිය
widiwidana,විධිවිධාන
widinu,විදිනු
widinna,විදින්න
widin,විසින්
widimath,විධිමත්
widihath,විදිහත්
widihata,විදිහට
widihak,විදිහක්
widiha,විදිහ
widi,විධි
widhi,විධි
widhea,විදිය
widhayakaye,විධායකයේ
widhayakaya,විධායකය
widhaya,වෛද්‍ය
widhanaya,විධානය
widhana,විධාන
wideshiya,විදේශිය
wideshikayeku,විදේශිකයෙකු
wideshikayanta,විදේශිකයන්ට
widesheeya,විදේශීය
wideshawirodi,විදේශවිරෝධී
widesha,විදේශ
wides,විදෙස්
widehe,විදිහේ
wideema,විදීම
widayaka,විධායක
widaya,විදහා
widawanna,විදවන්න
widawakin,විඩාවකින්
widarshana,විදර්ශනා
widapath,විඩාපත්
widanum,විදැනුම්
widanege,විදානේගේ
widahumkaranayata,විදැහුම්කරණයට
widahumkaranaya,විදැහුම්කරණය
widaha,විදහා
wida,විධ
wickramasinghe,වික්‍රමසින්හ
wickramaratne,වික්‍රමරත්න
wickramarachchi,වික්‍රමරච්චි
wickramage,වික්‍රමගේ
wickram,වික්‍රම්
wickettuwa,විකට්ටුව
wicharakayinge,විචාරකයින්ගේ
wicharakain,විචාරකයින්
wichalyayan,විචල්‍යයන්
wichalyaya,විචල්‍යය
wichalanayata,විචලනයට
wichalanaya,විචලනය
wiccan,Wiccan
wibhuthiya,විභූතිය
wibhishana,විභිෂණ
wibhinna,විභින්න
wibheeshana,විභීෂණ
wibhedanaya,විභේදනය
wibheda,විභේද
wibhawaye,විභවයේ
wibhawayak,විභවයක්
wibhawa,විභව
wibhajaka,විභාජක
wibhagayan,විභාගයන්
wibhagayak,විභාගයක්
wibhaga,විභාග
wia,විය
wi,වී
whitechapal,වයිට්චැපල්
white,වයිට්
whatsapp,වට්ස්
what,වට්
whadum,විහැදුම්
wgema,වගේම
wge,වගේ
wgama,වගේම
weywana,වැයවන
weyi,වෙයි
weyawasthawe,ව්‍යවස්ථාවේ
weyawana,වැයවන
weyange,වේයන්ගේ
weyama,වෑයම
weya,වැය
wey,වෙයි
wewwala,වැව්වල
wewuwalata,වැව්වලට
wewu,වැව්
wewnd,වෑවුනද
wewiimavividha,වැවීමවිවිධ
wewi,වෙවී
wewena,වෑවෙන
weweema,වැවීම
wewedha,විවිධ
wewe,වැවේ
wewata,වැවට
wewala,වෙවල
wewakda,වැවක්ද
wewaka,වැවක
wewak,වැවක්
wewai,වැවයි
wewachirath,වේවාචිරාත්
wewaaajaya,වේවාජය
wewaa,වේවා
wewa,වේවා
wew,වැව්
wevu,වැව්
wevleema,වෙව්ලීම
wevemi,වෑවෙමි
weve,වැවේ
wevata,වැවට
wevak,වැවක්
weva,වේවා
wev,වැව්
weuthpanna,ව්‍යුත්පන්න
weuda,වෑඋඩ
weu,වැව්
wetup,වැටුප්
wetunu,වැටුණු
wetuni,වැටුණි
wetuna,වැටුණා
wetum,වැටුම්
wette,වැටෙන්
wetiye,වැටියේ
wetiyata,වැටියට
wetiya,වැටිය
wetime,වැටීමේ
wetimata,වැටීමට
wetimakata,වැටීමකට
wetila,වැටිල
wetiimak,වැටීමක්
weti,වැටී
wethwa,වෙත්වා
wethma,වෙත්ම
wethira,වැතිර
wethinma,වෙතින්ම
wethini,වෙතිනි
wethin,වෙතින්
wethi,වෙති
wethei,වෙතැයි
wethath,වෙතත්
wethatada,වෙතටද
wethata,වෙතට
wethanaya,වේතනය
wethada,වෙතද
wetha,වෙත
weth,වෙත
weteyi,වැටෙයි
wetenneth,වෑටෙන්නෙත්
wetene,වැටෙන
wetena,වැටෙන
weteem,වැටීම්
wetee,වැටි
wete,වැටේ
wetakin,වැටකින්
wetak,වැටක්
wetai,වැටෙයි
wetahei,වැටහෙයි
wetaheemakin,වැටහිමකින්
wetahee,වැටහී
weswala,වෙස්වලා
westministar,වෙස්ට්මිනිස්ටර්
westervold,වෙසටර්වොල්ඩ්
westa,වෙස්ටා
west,වෙස්ට්
wessata,වැස්සට
wessanthara,වෙස්සන්තර
wessagiriya,වෙස්‌සගිරිය
wessada,වැස්සද
wessa,වැස්ස
wesretkau,වෙස්රෙට්කාඋ
wesmuna,වෙස්මුහුණ
wesmuhunata,වෙස්මුහුණ
wesmuhuna,වෙස්මුහුණ
wesminister,වෙස්මිනිස්ට
wesme,වැස්මේ
wesmakin,වැස්මකින්
wesmak,වැස්මක්
wesma,වැස්ම
wesly,වෙස්ලි
wesliyan,වෙස්ලියන්
wesiyo,වැසියෝ
wesiyangen,වැසියන්ගෙන්
wesiyange,වැසියන්ගේ
wesiyan,වැසියන්
wesiyage,වැසියාගේ
wesiya,වැසියෝ
wesikili,වැසිකිළි
wesigeputho,වේසිගෙපුතො
wesidiya,වැසිදිය
wesi,වෙසි
weshistaegood,විශිශ්ටයිගූඩ්
weshaya,වේශය
wesha,වේශ
wesgena,වෙස්ගෙන
wesethi,වෙසෙති
wesesinma,වෙසෙසින්ම
wesenne,වෙසෙන්නේ
wesena,වෙසෙන
weseemen,වැසීමෙන්
wesee,වැසී
wesamuni,වෙසමුණි
wesala,විශාල
wesak poson asala,වෙසක් පොසොන් ඇසළ
wesak,වෙසක්
```text
wesa,වේස
wes,වෙස්
werlarakshaka,වෙරළාරක්ෂක
werjiniyahi,වර්ජිනියාහි
werayek,වීරයෙක්
werale,වෙරළේ
weralatheeraya,වෙරළතීරය
weralata,වෙරළට
weralasritha,වෙරළාශ්‍රිත
weralasannaye,වෙරළාසන්නයේ
weralasanna,වෙරළාසන්න
weralabada,වෙරළබඩ
werala,වෙරළ
weradunath,වැරදුනත්
weraduna,වෑරදුන
weradiyata,වැරදියට
weradimak,වැරදීමක්
weradima,වැරදීම
weradikaruwan,වැරදිකරුවන්
weradikaru,වැරදිකරු
weradi,වෑරදි
wera,වෙර
wenwunu,වෙන්වුණු
wenwu,වෙන්වූ
wenwooye,වෙන්වුයේ
wenwima,වෙන්විම
wenweegiya,වෙන්වීගිය
wenwd,වෙනවද
wenwana,වෙන්වන
wenwa,වෙනව
wenw,වෙනව
wenuye,වනුයේ
wenuweni,වෙනුවෙනි
wenuwenda,වෙනුවෙන්ද
wenuwena,වෙනුවෙන්
wenuwen,වෙනුවෙන්
wenuwata,වෙනුවට
wenuven,වෙනුවෙන්
wenuvata,වෙනුවට
wenta,වෙන්ටා
wensaskam,වෙනස්කම්
wenron,වෙන්රොං
wenooo,වෙනො
wennkooooyge,වෙන්නකොඔයාගෙ
wennilata,වෙන්නීලාට
wennila,වෙන්නීලා
wennhthi,වෙන්නෑති
wennemnssunge,වෙන්නෙමිනිස්සුන්ගෙ
wennema,වෙන්නෙම
wennea,වෙන්නේ
wenne,වෙන්නෙ
wennawun,වැන්නවුන්
wennath,වෙන්නත්
wennappuweda,වෙන්නප්පුවෙද
wennappuwe,වෙන්නප්පුවේ
wennappuwa,වෙන්නප්පුව
wennaona,වෙන්නෝනෙ
wennanam,වෙනවනම්
wennama,වෙන්නම
wennak,වැන්නක්
wennai,වෙන්නයි
wennadda,වෙනවද
wenna,වෙන්න
wenn,වෙන්නෙ
wenkota,වෙන්කොට
wenkn,වෙනකන්
wenkireeme,වෙන්කිරීමේ
wenkayya,වෙන්කයියා
wenkatesh,වෙන්කටේෂ්
wenkarai,වෙන්කරයි
wenkara,වෙන්කර
wenkam,වෙන්කම්
weniya,වැනිය
wenide,වැනිදේ
wenida,වෙනිද
weni,වෙනි
wenenne,වැනෙන්නේ
wendaru,වෙඬරු
wendala,වැඳලා
wenda,වෙන්ඩ
wenawata,වෙනවට
wenawane,වෙනවනෙ
wenawame,වෙනවමේ
wenawamai,වෙනවමයි
wenawada,වෙනවද
wenawaahema,වෙනවඑහෙම
wenawa,වෙනව
wenaw,වෙනවා
wenath…,වෙනත්
wenath,වෙනත්
wenasya,වෙනස්ය
wenaswiya,වෙනස්විය
wenaswimath,වෙනස්වීමත්
wenaswimak,වෙනස්වීමක්
wenaswima,වෙනස්වීම
wenaswim,වෙනස්වීම්
wenasweemakata,වෙනස්වීමකට
wenasweem,වෙනස්වීම්
wenaswe,වෙනස්වේ
wenaswannata,වෙනස්වන්නට
wenaswana,වෙනස්වන
wenaswa,වෙනස්ව
wenasveem,වෙනස්විම්
wenasma,වෙනස්ම
wenaskamwalata,වෙනස්කම්වලට
wenaskamda,වෙනස්කම්ද
wenaskamakata,වෙනස්කමකට
wenaskam,වෙනස්කම්
wenask,වෙනස්
wenasayak,වෙනසක්
wenasawana,වෙනස්වන
wenasata,වෙනසට
wenasak,වෙනසක්
wenasa,වෙනස
wenas,වෙනස්
wenama,වෙනම
wenakota,වෙනකොට
wenaknma,වෙනකන්ම
wenakan,වෙනකන්
wenakalma,වෙනකල්
wena,වෙන
wen,වෙන්
wemumal,වෙමුමල්
wemu,වෙමු
wemin,වෙමින්
wemaimata,වීමයිමට
wema,වීම
welyayak,වෙල්යායක්
welwaya,වැල්වය
welwatithure,වැල්වටිතුරේ
welwataram,වෑල්වටාරම්
welvaya,වැල්වය
weluwana,වේළුවන
welupille,වේලුපිල්ලේ
weluma,වෙළුම
welsli,වෙල්ස්ලි
wels,වෙල්ෂ්
welosiraptor,වෙලෝසිරැප්ටර්
welosiraptar,වෙලෝසිරැප්ටර්
welle,වේල්ලේ
wellawayen,වැල්ලවායෙන්
wellawaya,වැල්ලවාය
wellawatthe,වැල්ලවත්ත
wellavayata,වැල්ලවායට
wellasse,වෙල්ලස්සේ
wellak,ෙවිල්ලක්
wella,වේල්ල
weliye,වැලියේ
welivitiye,වැලිවිටියේ
welikada,වැලිකඩ
weligama,වැලිගම
weli,වැලි
welethi,වෙළෙති
weleshi,වෙලෙස්ලි
welensina,වැලෙන්සිනා
welendun,වෙළඳුන්
welendo,වෙළෙන්දෝ
welendan,වෙළෙන්ඳන්
welendame,වෙළදාමේ
welendamada,වෙළෙඳාමද
welendama,වෙළෙඳාම
welendam,වෙළදාම්
welendaku,වෙළෙන්දකු
welendaage,වෙළෙන්දාගේ
welenda,වෙළෙඳ
welekwimata,වැළැක්වීමට
welekwima,වැළැක්‌වීම
welekweema,වැලැක්වීම
weleema,වේලීම
weleda,වෙළඳ
wele,වෙලෙ
weldon,වෙල්ඩන්
welawk,වෙලාවක්
welawen,වේලාවෙන්
welawedima,වේලාවේදීම
welawe,වෙලාවෙ
welawath,වෙලාවත්
welawatamada,වෙලාවටමද
welawata,වෙලාවට
welawat,වෙලාවක්
welawakin,වේලාවකින්
welawaki,වේලාවකි
welawakata,වෙලාවකට
welawakadi,වේලාවකදී
welawaka,වෙලාවක
welawak,වෙලාවක්
welawada,වේලාවද
welawa,වෙලාව
welaven,වේලාවෙන්
welavanhidi,වේලාවන්හීදී
welavakin,වේලාවකින්
welava,වේලාව
welath,වෙලත්
welata,වෙල්අට
welarashritha,වෙරළාශ්‍රිත
welapima,වැළපීම්
welandunu,වැළඳුනු
welanduna,වැළදුණ
welandena,වැළදෙන
welandee,වැළඳී
welandashala,වෙළදශාලා
welandasal,වෙළඳසැල්
welandapolata,වෙළදපොලට
welandapola,වෙළදපල
welandapala,වෙළදපල
welandame,වෙළදාමේ
welandamak,වෙළඳාමක්
welandama,වෙළදාම
welandam,වෙළදාම්
welandagath,වැළඳගත්
welandaganu,වැලදගනු
welandaganeemata,වැළදගැනීමට
welanda,වෙළඳ
welan,වේලන්
welama,වෙලාම
welaliee,වැළලී
welakweeme,වැලැක්විමේ
welakweemata,වැළැක්වීමට
welakweema,වැළැක්වීම
welakveemata,වැළැක්වීමට
welakiya,වැළැකිය
welakini,වැලකිනි
welaki,වැලකි
welakena,වැළකෙන
welakeemai,වැළැකීමයි
welakeema,වැළකීම
welakee,වැලකී
welaka,වේලක
welak,වේලක්
weladapole,වෙලදපොලෙ
weladapola,වෙලදපල
weladamata,වෙළඳමට
weladam,වෙළදාම
weladaama,වෙළදාම
welada,වලද
welaawaka,වෙලාවක
welaa62kg,වෙලා62ක්ග්
welaa,වෙලා
wela,වෙලා
wel,ගන්න
weku,වෙකු
wekkama,වැක්කම
weki,වැකි
wejabennaki,වැජ‍ඹෙන්නකි
weiya,වෙයි
weishali,වෛශාලි
weii,වෙයි
weight,වෙයිට්
weida,වෙයිද
weid,වෙයිද
wei,වෙයි
wehuwoth,වෑහුවොත්
wehnesitmirempet,වැහ්නෙසිට්මිරෙඑම්පෙට්
wehi,වැහි
wehesuni,වෙහෙසුණි
wehesi,වෙහෙසී
wehesata,වෙහෙසට
wehesak,වෙහෙසක්‌
wehesa,වෙහෙස
weherehidi,වෙහෙරහීදී
weherapola,වැහැරපොළ
wehera,වෙහෙර
wehara,විහාරා
wegurunu,වැගුරුණු
wegodapola,වෑගොඩපොළ
wege,වගෙ
wegayen,වේගයෙන්
wegayata,වේගයට
wegayakin,වේග‍යකින්
wegaya,වේගයේ
wegawathma,වේගවත්ම
wegawath,වේගවත්
wegas,වේගස්
wega,වේග
weeya,විය
weewaga,වීවගා
weerodhara,වීරෝධාර
weerathwa,වීරත්වය
weerasinghe,වීරසිංහ
weerasingham,වීරසිංහම්
weerasekera,වීරසේකර
weerarathna,වීරරත්න
weerakoon,වීරකෝන්
weerakkodi,වීරක්කොඩි
weeraketiya,වීරකැටිය
weerakatha,වීරකථා
weera,වීර
weemeni,වීමෙනි
weemen,වීමෙන්
weemedi,වීමේදී
weeme,විමේ
weemath,වීමත්
weematath,වීමටත්
weematai,වීමටයි
weemata,වීමට
weemakin,වීමකින්
weemaka,විමක
weemak,වීමක්
weemai,වීමයි
weemada,වීමද
weema,වීම
weem,වීම්
weekly,වික්ලි
week,වීක්
weeja,වීජ
weehidii,වේඑහිදී
weeemata,වීමට
weeema,විම
weeduru,වීදුරු
weediya,වීදිය
weedi,වීදි
weedey,විදැයි
weearsekara,වීරසේකර
wee,වී
wedwashayen,වැඩිවශයෙන්
wedunu,වෑදුනු
weduni,වැදුණි
weduneya,වැඩුනේය
wedune,වැදුණේ
wedunaha,වැදූනහ
weduna,වැඩුන
wediyenma,වැඩියෙන්ම
wediyenm,වෑඩියෙන්ම
wediyen,වෑඩියෙන්
wediyei,වැඩියැයි
wediyaku,වේදියකු
wediyaa,වැඩියා
wediya,වෑඩිය
wediwu,වැඩිවූ
wediwiyata,වැඩිවියට
wediwimaki,වැඩිවීමකි
wediwimak,වැඩිවීමක්
wediwima jana sankhyawe,වැඩිවීමජනසංඛ්‍යාවේ
wediwima,වැඩිවීම
wediweemath,වැඩිවීමත්
wediweemak,වැඩිවීමක්
wediweemada,වැඩිවීමද
wediweema,වැඩිවීම
wediwe,වැඩිවේ
wediwathma,වැඩිවත්ම
wediwashayen,වැඩිවශයෙන්
wediwana,වැඩිවන
wedipurma,වැඩිපුරම
wedipurama,වෑඩිපුරම
wedipura,වැඩිපුර
wedinta,වේදීන්ට
weding,වෙඩින්
wedimilata,වැඩිමිලට
wedimaya,වැඩීමය
wedimata,වැදීමට
wedimanak,වැඩිමනක්
wedimahaluma,වැඩිමහලුම
wedimahalu,වැඩිමහළු
wedimahal,වැඩිමහල්
wedima,වැඩිම
wedikiriime,වැඩිකිරීමේ
wedikireematada,වැඩිකිරීමටද
wedikawata,වේදිකාවට
wedikawak,වේදිකාවක්
wedikawa,වේදිකාව
wedikaraganiy,වැඩිකරගනියි
wedikahi,වේදිකාහි
wedika,වේදිකා
wedii,වෑඩී
wedihitiyanta,වැඩිහිටියන්ට
wedihitiyange,වැඩිහිටියන්ගේ
wedihitiyan,වැඩිහිටියන්
wedihitiwiyata,වැඩිහිටිවියට
wedihiti,වැඩිහිටි
wediduratath,වැඩිදුරටත්
wedidura,වැඩිදුර
wedidiyunu,වැඩිදියුණු
wedi,වෑඩි
wedeyi,වැඩෙයි
wedeya,විදිය
wedethi,වැඩෙති
wedena,වැඩෙන
wedemin,වැඩෙමින්
wedei,වෑඩි
wedehi,වැඩෙහි
wedeenta,වේදීන්ට
wedeemata,වැදීමට
wedeema,වැඩීම
wedee,වැඩී
wede,වෑඩේ
weddo,වෑඩ්ඩො
wedding,වෙඩින්ග්
weddime,වැද්දීමේ
weddi,වෙද්දි
weddek,වෑඩ්ඩෙක්
weddan,වැද්දන්
wedayema,වේදයේම
wedayak,වේදයක්
wedaya,විදිය
wedawasam,වැඩවසම්
wedatah,වදැගත්
wedata,වැඩට
wedasiti,වැඩසිටි
wedasatahata,වෑඩසටහට
wedasatahank,වෑඩසටහනක්
wedasatahangathakaranaya,වැඩසටහන්ගතකරණය
wedasatahane,වැඩසටහනේ
wedasatahanda,වැඩසටහන්ද
wedasatahanata,වැඩසටහනට
wedasatahanat,වෑඩසටහනට්
wedasatahanakma,වෑඩසටහනක්ම
wedasatahanakin,වැඩසටහනකින්
wedasatahanaki,වැඩසටහනකි
wedasatahanak,වැඩසටහනක්
wedasatahana,වෑඩසටහන
wedasatahan,වෑඩසටහන්
wedaraala,වෙදරාළ
wedapole,වැඩපොළේ
wedapiliwelak,වැඩපිළිවෙලක්
wedanawangen,වේදනාවන්ගෙන්
wedanawange,වේදනාවන්ගේ
wedanawak,වේදනාවක්
wedanawai,චේතනාවයි
wedanawa,වේදනාව
wedana,වේදනා
wedamulu,වැඩමුළු
wedamawa,වැඩමවා
wedama,වැඩම
wedakne,වෑඩක්නෙ
wedakatayuthu,වෑඩකටයුතු
wedakata,වෑඩකට
wedakariya,වැඩකාරිය
wedakarana,වැඩකරන
wedakamatama,වෑඩකටම
wedakamata,වෑඩකටම
wedak,වෑඩක්
wedahiti,වැඩහිටි
wedagth,වෑදගත්
wedagemmakata,වැදගැම්මකට
wedagedaradee,වෙදගෙ‍දරදී
wedagathya,වැදගත්ය
wedagathma,වැදගත්ම
wedagathkamakiin,වැදගත්කමකින්
wedagathkamak,වැදගත්කමක්
wedagathkama,වැදත්කම
wedagath,වෑදගත්
wedabim,වැඩබිම්
weda,වෑඩ
wechcha,වෙච්ච
webster,වෙබ්ස්ටර්
webesenuta,වෙබෙන්සෙනුට
webensenuge,වෙබෙන්සෙනුගේ
webadawiyehi,වෙබ්අඩවියෙහි
web,වෙබ්
we…,වේ
we,වේ
wdyk,විදියක්
wdk,වෑඩක්
wdiyak,විදියක්
wdiy,වෑඩිය
wdht,විදිහට
wdarshana,විදර්ශනා
wda,වෑඩ
wd,ඩබ්ලිව්ඩී
wayzata,වලට
wayuwe,වායුවේ
wayuwala,වායුවල
wayuwaki,වායුවකි
wayuwai,වායුවයි
wayuwada,වායුවද
wayuwa,වායුව
wayunge,වායුන්ගේ
wayun,වායූන්
wayuma,වැයුම
wayum,වැයුම්
wayugoliya,වායුගෝලීය
wayugoleeya,වායුගෝලීය
wayugolayeni,වායුගෝලයෙනි
wayugolayehi,වායුගෝලයෙහි
wayugolaye,වායුගෝලයේ
wayugolayak,වායුගෝලයක්
wayugolaya,වායුගෝලය
wayugola,වායුගෝල
wayu,වායු
waysa,වයස
wayparaya,ව්‍යාපාරය
wayovrudha,වයෝවෘද
wayovruddha,වයෝවෘද්ධ
wayo,වායෝ
wayla,වෙලා
wayiras,වෛරස්
wayira,වෛර
wayinawahodadeyak,වටිනව
wayidya,වෛද්‍ය
wayi,වායු
wayawaharaye,ව්‍යවහාරයේ
wayasin,වයසින්
wayasgatha,වයස්ගත
wayasethi,වයසැති
wayasata,වයසට
wayasanayak,ව්‍යසනයක්
wayasai,වයසයි
wayasab,වයස
wayasa,වයස
wayas,වයස්
wayapthi,ව්‍යාප්ති
wayapatha,ව්‍යාප්ති
wayaparayak,ව්‍යාපාරයක්
wayapara,ව්‍යාපාර
wayanse,වහන්සේ
wayannekuta,වයන්නෙකුට
wayanjana,ව්‍යංජන
wayangayartha,වච්‍යාර්ථ
wayanba,වයඹ
wayanaya,වයණය
wayana,වයන
wayambadiga,වයඹදිග
wayamba,වයඹ
wayaleenaye,වයලීනයේ
wayakom,වයාකොම්
wayadiwedayanata,ව්‍යාධිවේදයන්ට
wayaba,වයඹ
waya,වැය
way,වේ
wawuniyawa,වවුනියාව
wawuniyaawa,වවුනියාව
wawulkan,වවුල්කන්
wawula,වවුලා
wawoo,වාවූ
wawilikaru,වැවිලිකරු
wawili,වැවිලි
wawenwda,වෑවෙනවද
wawenwada,වෑවෙනවද
wawenne,වෑවෙන්නෙ
wawenna,වෑවෙන්න
waweni,වැවෙනි
wawena,වෑවෙන
wawapu,වවපු
wawagand,වවාගන්ද
wawa,වවා
waw,වාව්
wavulan,වවුලන්
wavniawa,වවුනියාව
waturin,වතුරින්
watura,වතුර
watupa,වැටුප
watup,වැටුප්
watuna,වෑටුන
wattoru,වට්ටෝරු
wattiyak,වට්ටියක්
watthu,වාත්තු
watte,වට්ටෙ
wattanna,වට්ටන්න
wattanawa,වට්ටනව
wattakka,වට්ටක්කා
watta,වත්ත
watson,වොට්සන්
wats,වට්ස්
watman,වත්මන්
watinwaaaa,වටිනව
watinwa,වටිනව
watinne,වටින්නෙ
watini,වැටිණි
watinawa,වටිනව
watinaw,වටිනව
watinakamata,වටිනාකමට
watinakamakin,වටිනාකමකින්
watinakamak,වටිනාකමක්
watinakama,වටිනකම
watinakam,වටිනාකම්
watina,වටින
watin,වටින
watiiwi,වටිවි
watichcha,වෑටිච්ච
wati,වැටී
wathwak,වතාවක්
wathurenuth,වතුරෙනුත්
wathuren,වතුරෙන්
wathurath,වතුරත්
wathurata,වතුරට
wathura,වතුර
wathudu,වතුදු
wathu,වතු
waththe,වත්තේ
waththaka,වත්තක
waththa,වත්ත
wathshala,වත්සලා
wathsalage,වත්සලාගෙ
wathsala,වත්සලා
wathpiliweth,වත්පිළිවෙත්
wathmanehi,වත්මනෙහි
wathman,වත්මන්
wathma,වත්ම
wathkamak,වත්කමක්
welandame,වෙළදාමේ
welandamak,වෙළඳාමක්
welandama,වෙළදාම
welandam,වෙළදාම්
welandagath,වැළඳගත්
welandaganu,වැලදගනු
welandaganeemata,වැළදගැනීමට
welanda,වෙළඳ
welan,වේලන්
welama,වෙලාම
welaliee,වැළලී
welakweeme,වැලැක්විමේ
welakweemata,වැළැක්වීමට
welakweema,වැළැක්වීම
welakveemata,වැළැක්වීමට
welakiya,වැළැකිය
welakini,වැලකිනි
welaki,වැලකි
welakena,වැළකෙන
welakeemai,වැළැකීමයි
welakeema,වැළකීම
welakee,වැලකී
welaka,වේලක
welak,වේලක්
weladapole,වෙලදපොලෙ
weladapola,වෙලදපල
weladamata,වෙළඳමට
weladam,වෙළදාම
weladaama,වෙළදාම
welada,වලද
welaawaka,වෙලාවක
welaa62kg,වෙලා62ක්ග්
welaa,වෙලා
wela,වෙලා
wel,ගන්න
weku,වෙකු
weklanda,වෙළඳ
wekkama,වැක්කම
weki,වැකි
wejabennaki,වැජ‍ඹෙන්නකි
weiya,වෙයි
weishali,වෛශාලි
weii,වෙයි
weight,වෙයිට්
weida,වෙයිද
weid,වෙයිද
wei,වෙයි
wehuwoth,වෑහුවොත්
wehnesitmirempet,වැහ්නෙසිට්මිරෙඑම්පෙට්
wehi,වැහි
wehesuni,වෙහෙසුණි
wehesi,වෙහෙසී
wehesata,වෙහෙසට
wehesak,වෙහෙසක්‌
wehesa,වෙහෙස
weherehidi,වෙහෙරහීදී
weherapola,වැහැරපොළ
wehera,වෙහෙර
wehara,විහාරා
wegurunu,වැගුරුණු
wegodapola,වෑගොඩපොළ
wege,වගෙ
wegayen,වේගයෙන්
wegayata,වේගයට
wegayakin,වේග‍යකින්
wegaya,වේගයේ
wegawathma,වේගවත්ම
wegawath,වේගවත්
wegas,වේගස්
wega,වේග
weeya,විය
weewaga,වීවගා
weerodhara,වීරෝධාර
weerathwa,වීරත්වය
weerasinghe,වීරසිංහ
weerasingham,වීරසිංහම්
weerasekera,වීරසේකර
weerarathna,වීරරත්න
weerakoon,වීරකෝන්
weerakkodi,වීරක්කොඩි
weeraketiya,වීරකැටිය
weerakatha,වීරකථා
weera,වීර
weemeni,වීමෙනි
weemen,වීමෙන්
weemedi,වීමේදී
weeme,විමේ
weemath,වීමත්
weematath,වීමටත්
weematai,වීමටයි
weemata,වීමට
weemakin,වීමකින්
weemaka,විමක
weemak,වීමක්
weemai,වීමයි
weemada,වීමද
weema,වීම
weem,වීම්
weekly,වික්ලි
week,වීක්
weehidii,වේඑහිදී
weeemata,වීමට
weeema,විම
weeduru,වීදුරු
weediya,වීදිය
weedi,වීදි
weedey,විදැයි
weearsekara,වීරසේකර
wee,වී
wedwashayen,වැඩිවශයෙන්
wedunu,වෑදුනු
weduni,වැදුණි
weduneya,වැඩුනේය
wedune,වැදුණේ
wedunaha,වැදූනහ
weduna,වැඩුන
wediyenma,වැඩියෙන්ම
wediyenm,වෑඩියෙන්ම
wediyen,වෑඩියෙන්
wediyei,වැඩියැයි
wediyaku,වේදියකු
wediyaa,වැඩියා
wediya,වෑඩිය
wediwu,වැඩිවූ
wediwiyata,වැඩිවියට
wediwimaki,වැඩිවීමකි
wediwimak,වැඩිවීමක්
wediwima jana sankhyawe,වැඩිවීමජනසංඛ්‍යාවේ
wediwima,වැඩිවීම
wediweemath,වැඩිවීමත්
wediweemak,වැඩිවීමක්
wediweemada,වැඩිවීමද
wediweema,වැඩිවීම
wediwe,වැඩිවේ
wediwathma,වැඩිවත්ම
wediwashayen,වැඩිවශයෙන්
wediwana,වැඩිවන
wedipurma,වැඩිපුරම
wedipurama,වෑඩිපුරම
wedipura,වැඩිපුර
wedinta,වේදීන්ට
weding,වෙඩින්
wedimilata,වැඩිමිලට
wedimaya,වැඩීමය
wedimata,වැදීමට
wedimanak,වැඩිමනක්
wedimahaluma,වැඩිමහලුම
wedimahalu,වැඩිමහළු
wedimahal,වැඩිමහල්
wedima,වැඩිම
wedikiriime,වැඩිකිරීමේ
wedikireematada,වැඩිකිරීමටද
wedikawata,වේදිකාවට
wedikawak,වේදිකාවක්
wedikawa,වේදිකාව
wedikaraganiy,වැඩිකරගනියි
wedikahi,වේදිකාහි
wedika,වේදිකා
wedii,වෑඩී
wedihitiyanta,වැඩිහිටියන්ට
wedihitiyange,වැඩිහිටියන්ගේ
wedihitiyan,වැඩිහිටියන්
wedihitiwiyata,වැඩිහිටිවියට
wedihiti,වැඩිහිටි
wediduratath,වැඩිදුරටත්
wedidura,වැඩිදුර
wedidiyunu,වැඩිදියුණු
wedi,වෑඩි
wedeyi,වැඩෙයි
wedeya,විදිය
wedethi,වැඩෙති
wedena,වැඩෙන
wedemin,වැඩෙමින්
wedei,වෑඩි
wedehi,වැඩෙහි
wedeenta,වේදීන්ට
wedeemata,වැදීමට
wedeema,වැඩීම
wedee,වැඩී
wede,වෑඩේ
weddo,වෑඩ්ඩො
wedding,වෙඩින්ග්
weddime,වැද්දීමේ
weddi,වෙද්දි
weddek,වෑඩ්ඩෙක්
weddan,වැද්දන්
wedayema,වේදයේම
wedayak,වේදයක්
wedaya,විදිය
wedawasam,වැඩවසම්
wedatah,වදැගත්
wedata,වැඩට
wedasiti,වැඩසිටි
wedasatahata,වෑඩසටහට
wedasatahank,වෑඩසටහනක්
wedasatahangathakaranaya,වැඩසටහන්ගතකරණය
wedasatahane,වැඩසටහනේ
wedasatahanda,වැඩසටහන්ද
wedasatahanata,වැඩසටහනට
wedasatahanat,වෑඩසටහනට්
wedasatahanakma,වෑඩසටහනක්ම
wedasatahanakin,වැඩසටහනකින්
wedasatahanaki,වැඩසටහනකි
wedasatahanak,වැඩසටහනක්
wedasatahana,වෑඩසටහන
wedasatahan,වෑඩසටහන්
wedaraala,වෙදරාළ
wedapole,වැඩපොළේ
wedapiliwelak,වැඩපිළිවෙලක්
wedanawangen,වේදනාවන්ගෙන්
wedanawange,වේදනාවන්ගේ
wedanawak,වේදනාවක්
wedanawai,චේතනාවයි
wedanawa,වේදනාව
wedana,වේදනා
wedamulu,වැඩමුළු
wedamawa,වැඩමවා
wedama,වැඩම
wedakne,වෑඩක්නෙ
wedakatayuthu,වෑඩකටයුතු
wedakata,වෑඩකට
wedakariya,වැඩකාරිය
wedakarana,වැඩකරන
wedakamatama,වෑඩකටම
wedakamata,වෑඩකටම
wedak,වෑඩක්
wedahiti,වැඩහිටි
wedagth,වෑදගත්
wedagemmakata,වැදගැම්මකට
wedagedaradee,වෙදගෙ‍දරදී
wedagathya,වැදගත්ය
wedagathma,වැදගත්ම
wedagathkamakiin,වැදගත්කමකින්
wedagathkamak,වැදගත්කමක්
wedagathkama,වැදත්කම
wedagath,වෑදගත්
wedabim,වැඩබිම්
weda,වෑඩ
wechcha,වෙච්ච
webster,වෙබ්ස්ටර්
webesenuta,වෙබෙන්සෙනුට
webensenuge,වෙබෙන්සෙනුගේ
webadawiyehi,වෙබ්අඩවියෙහි
web,වෙබ්
we…,වේ
we,වේ
wdyk,විදියක්
wdk,වෑඩක්
wdiyak,විදියක්
wdiy,වෑඩිය
wdht,විදිහට
wdarshana,විදර්ශනා
wda,වෑඩ
wd,ඩබ්ලිව්ඩී
wayzata,වලට
wayuwe,වායුවේ
wayuwala,වායුවල
wayuwaki,වායුවකි
wayuwai,වායුවයි
wayuwada,වායුවද
wayuwa,වායුව
wayunge,වායුන්ගේ
wayun,වායූන්
wayuma,වැයුම
wayum,වැයුම්
wayugoliya,වායුගෝලීය
wayugoleeya,වායුගෝලීය
wayugolayeni,වායුගෝලයෙනි
wayugolayehi,වායුගෝලයෙහි
wayugolaye,වායුගෝලයේ
wayugolayak,වායුගෝලයක්
wayugolaya,වායුගෝලය
wayugola,වායුගෝල
wayu,වායු
waysa,වයස
wayparaya,ව්‍යාපාරය
wayovrudha,වයෝවෘද
wayovruddha,වයෝවෘද්ධ
wayo,වායෝ
wayla,වෙලා
wayiras,වෛරස්
wayira,වෛර
wayinawahodadeyak,වටිනව
wayidya,වෛද්‍ය
wayi,වායු
wayawaharaye,ව්‍යවහාරයේ
wayasin,වයසින්
wayasgatha,වයස්ගත
wayasethi,වයසැති
wayasata,වයසට
wayasanayak,ව්‍යසනයක්
wayasai,වයසයි
wayasab,වයස
wayasa,වයස
wayas,වයස්
wayapthi,ව්‍යාප්ති
wayapatha,ව්‍යාප්ති
wayaparayak,ව්‍යාපාරයක්
wayapara,ව්‍යාපාර
wayanse,වහන්සේ
wayannekuta,වයන්නෙකුට
wayanjana,ව්‍යංජන
wayangayartha,වච්‍යාර්ථ
wayanba,වයඹ
wayanaya,වයණය
wayana,වයන
wayambadiga,වයඹදිග
wayamba,වයඹ
wayaleenaye,වයලීනයේ
wayakom,වයාකොම්
wayadiwedayanata,ව්‍යාධිවේදයන්ට
wayaba,වයඹ
waya,වැය
way,වේ
wawuniyawa,වවුනියාව
wawuniyaawa,වවුනියාව
wawulkan,වවුල්කන්
wawula,වවුලා
wawoo,වාවූ
wawilikaru,වැවිලිකරු
wawili,වැවිලි
wawenwda,වෑවෙනවද
wawenwada,වෑවෙනවද
wawenne,වෑවෙන්නෙ
wawenna,වෑවෙන්න
waweni,වැවෙනි
wawena,වෑවෙන
wawapu,වවපු
wawagand,වවාගන්ද
wawa,වවා
waw,වාව්
wavulan,වවුලන්
wavniawa,වවුනියාව
waturin,වතුරින්
watura,වතුර
watupa,වැටුප
watup,වැටුප්
watuna,වෑටුන
wattoru,වට්ටෝරු
wattiyak,වට්ටියක්
watthu,වාත්තු
watte,වට්ටෙ
wattanna,වට්ටන්න
wattanawa,වට්ටනව
wattakka,වට්ටක්කා
watta,වත්ත
watson,වොට්සන්
wats,වට්ස්
watman,වත්මන්
watinwaaaa,වටිනව
watinwa,වටිනව
watinne,වටින්නෙ
watini,වැටිණි
watinawa,වටිනව
watinaw,වටිනව
watinakamata,වටිනාකමට
watinakamakin,වටිනාකමකින්
watinakamak,වටිනාකමක්
watinakama,වටිනකම
watinakam,වටිනාකම්
watina,වටින
watin,වටින
watiiwi,වටිවි
watichcha,වෑටිච්ච
wati,වැටී
wathwak,වතාවක්
wathurenuth,වතුරෙනුත්
wathuren,වතුරෙන්
wathurath,වතුරත්
wathurata,වතුරට
wathura,වතුර
wathudu,වතුදු
wathu,වතු
waththe,වත්තේ
waththaka,වත්තක
waththa,වත්ත
wathshala,වත්සලා
wathsalage,වත්සලාගෙ
wathsala,වත්සලා
wathpiliweth,වත්පිළිවෙත්
wathmanehi,වත්මනෙහි
wathman,වත්මන්
wathma,වත්ම
wathkamak,වත්කමක්
wathkamada,වත්කමද
wathkala,වත්කළ
wathikanuwa,වතිකානුව
wathikanaye,වතිකානයේ
wathikana,වතිකාන
wathayen,වාතයෙන්
wathaye,වාතයේ
wathaya,වාතය
wathawwak,වාතව්වක්
wathawath,වතාවත්
wathawata,වතාවට
wathawakma,වතාවක්ම
wathawak,වතාවක්
wathawa,වතාව
wathavak,වාරයක්
wathasraya,වාතාශ්‍රය
wathashraya,වාතාශ්‍රය
wathasala,වතසලා
wathamana,වර්තමාන
watha,වාත
wath,වත්
waterma,වතුරෙන්ම
water,වෝට
watenna,වෑටෙන්න
watenawa,වටිනව
watena,වැටෙන
wateemata,වැටීමට
wateemapaseema,වැටිමපැසිම
wateemakata,වැටීමකට
wateemak,වැටීමක්
wateema,වැටීම
watee,වැටී
wate,වටේ
watch,වොච්
wataye,වටයේ
watawunu,වටවූ
watawa,වටව
watata,වටට
watapitawehi,වටපිටාවෙහි
watapitawe,වටපිටාවේ
watapitawaka,වටපිටාවක
watapitawa,වටපිටාව
watan,වටෙන්
watama,වටම
wataleemehi,වැටලීමෙහි
watalee,වැටලී
watalamedi,වටලෑමේදී
watala,වටලා
wataheemakin,වැටහීමකින්
wataheema,වැටහීම
watahageneemata,වටහාගැනීමට
watahagaththa,වටහාගත්තා
watahaganna,වටහාගන්නා
wataha,වටහා
wataden,වරදින්
wataddara,වටද්දර
wataa,වටා
wata,වට
wat,වත්
wasya,වයස
wasuriya,වසුරිය
wasuli,වාසුළි
wasuge,වසුගේ
wasubandhu,වසුබන්ධු
wasu,වසු
wastuwak,වස්තුවක්
wasthwa,වස්තුව
wasthuwen,වස්තුවෙන්
wasthuweee,වස්තුවෙ
wasthuwe,වස්තුවේ
wasthuwalata,වස්තුවලට
wasthuwaki,වස්තුවකි
wasthuwakama,වස්තුවකම
wasthuwak,වස්තුවක්
wasthuwa,වස්තුව
wasthuun,වස්තූන්
wasthungen,වස්තූන්ගෙන්
wasthunge,වස්තූන්ගේ
wasthun,වස්තූන්
wasthu,වාස්තු
wasthrayaka,වස්ත්‍රයක
wasthrayak,වස්ත්‍රයක්
wasthrabharana,වස්‌ත්‍රාභරණ
wasthra,වස්ත්‍ර
wasthilage,වස්තිලාගෙ
wasthila,වස්තිල
wasthi,වස්ති
wasthawikathwaya,වාස්තවිකත්වය
wasthawika,වාස්තවික
wasthavika,වාස්තවික
wassana,වස්සාන
wasooriya,වසූරිය
wasnsha,වංශ
waskaduwe,වස්කඩුවේ
waskaduwa,වස්කඩුව
wasiyo,වැසියෝ
wasiyata,වාසියට
wasiyantha,වැසියන්ට
wasiyange,වැසියන්ගේ
wasiyanata,වැසියනට
wasiyan,වාසියන්
wasiya,වාසයි
wasiristhanaya,වසිරිස්ථානය
wasina,වසින
wasidayak,වාසිදායක
wasidai,වාසිදායී
wasi,වශී
washyen,වශයෙන්
washsalatanam,වත්සලාට
washpeekaranaya,වාෂ්පීකරණය
washpaya,වා‍ශ්පය
washpawima,වාෂ්පවීම
washpasheelithawa,වාශ්පශිලිතාව
washpa,වාෂ්ප
washma,වාෂ්ප
washishta,වාශිෂ්ඨ
washingtonaye,වොෂින්ටනයේ
washingtonaya,වොෂින්ටනය
washington,වොෂින්ටන්
washi,වශී
washer,වොෂර්
washee,වශී
washayenma,වශයෙන්ම
washayeni,වශයෙනි
washayendeshapalana,වශයෙන්දේශපාලන
washayenda,වශයෙන්ද
washayenama,වශයෙන්ම
washayen,වශයෙන්
washaye,වශයෙන්
washaen,වශයෙන්
washa,වශ
wash,වොශ්
waseenge,වාසීන්ගේ
wasee,වාසී
wasdanda,වස්දණ්ඩ
wasayen,වශයෙන්
wasayat,වාසයට
wasaya,වාසය
wasasthana,වාසස්ථාන
wasarema,වසරේම
wasarehidiya,වසරෙහිදීය
wasarehidii,වසරෙහිදී
wasarehidi,වසරෙහිදී
wasarehi,වසරෙහි
wasaredii,වසරේදී
wasaredi,වසරේදී
wasaredee,වසරේදී
wasarede,වසරේදී
wasare,වසරෙ
wasarawala,වසරවල
wasarata,වසරට
wasarapahaka,වසරපහක
wasaraki,වසරකි
wasarakata,වසරකට
wasarakama,වසරකම
wasarakadima,වසරකදීම
wasarakadi,වසරකදී
wasarakadeema,වසරකදීම
wasaraka,වසරක
wasarak,වසරක්
wasarai,වසරයි
wasara,වසර
wasar,වසර
wasanthi,වසන්ති
wasantha,වසන්ත
wasangathaya,වසන්ගතය
wasangatha,වසංගත
wasangate,වසන්ගතේ
wasanawaobasiyaludnamaaperatatameammageyitattageyhitahodakamin,වාසනාවඔබසියලුදෙන්නමඅපෙරටටමෙඅම්මගෙයිටට්ටගෙය්හිටහොඩකමින්
wasanawanththa,වාසනාවන්ත
wasanawanthai,වාසනාවන්තයි
wasanawanthadamaath,වාසනාවන්තදමාත්
wasanawantha,වාසනාවන්ත
wasanawan,වාසනාවන්
wasanawa,වාසනාව
wasanavanthaii,වාසනාවන්තයි
wasanaawata,වාසනාවට
wasana,වසන
wasan,වසන්
wasame,වසමේ
wasamata,වසමට
wasam,වසම්
wasalayaku,වසලයකු
wasalaki,වාසලකි
wasaga,වසඟ
wasabhumiyak,වාසභූමියක්
wasabhumi,වාසභූමි
wasabhoomiya,වාසභූමිය
wasabha,වසභ
wasa,වසා
was,වාස්
waruwa,වාරුව
warunta,වරුන්ට
waruni,වරුනි
warun,වරුන්
waru,වරු
wartnamanaye,වර්තමානයේ
warthude,වර්තුදේ
warthmana,වර්තමාන
warthawee,වාර්තාවී
warthawe,වාර්තාවේ
warthawata,වාර්තාවට
warthawanta,වාර්ථාවන්ට
warthawanhi,වාර්තාවන්හි
warthawana,වාර්ථාවන
warthawan,වාර්තාවන්
warthawalata,වාර්තාවලට
warthawala,වාර්තාවල
warthawak,වාර්තාවක්‌
warthawa,වාර්ථාව
warthavanhi,වාර්තාවන්හී
warthamane,වර්තමානයේ
warthamanayehi,වර්තමානයෙහි
warthamanayedida,වර්තමානයේදීද
warthamanayedi,වර්තමානයේදි
warthamanayeda,වර්ථමානයේද
warthamanaye,වර්තමානයේ
warthamanayata,වර්තමානයට
warthamanaya,වර්ථමානය
warthamana,වර්තමාන
warthaman,වර්තමාන
warthamaanayedi,වර්තමාෙනයේදී
warthamaanaye,වර්තමානයේ
warthamaana,වර්තමාන
warthakota,වාර්තාකොට
warthakaruwo,වාර්තාකරුවෝ
warthakaruwan,වාර්තාකරැවන්
warthakaranaye,වාර්තාකරණයේ
warthagatha,වාර්තාගත
wartha ,වාර්තා
wartha,වාර්තා
warshikawa,වාර්ෂිකව
warshika,වාර්ෂික
warshayen,වර්ෂයෙන්
warshayema,වර්ෂයේම
warshayehidi,වර්ෂයෙහිදී
warshayedii,වර්ෂයේදී
warshayedi,වර්ෂයේදී
warshayedee,වර්ෂයේදී
warshaye,වර්ෂයේ
warshaydiy,වර්ෂයේදීයී
warshayanhi,වර්ෂයන්හි
warshayan,වර්ෂයන්
warshayakama,වර්ෂයකම
warshayak,වර්ෂයක්
warshaya,වර්ෂය
```text
warshawaladeema,වර්ෂවලදීම
warshawala,වර්ෂවල
warshawak,වර්ෂාවක්
warshawa,වර්ෂාව
warshapoornayata,වර්ෂපූර්ණයට
warshapathanaya,වර්ෂාපතනය
warshaawa,වර්ෂාව
warshaapathanaye,වර්ෂාපතනයේ
warsha,වර්ශ
warsdhayedi,වර්ෂයේදී
warnkula,වර්ණකුල
warnethi,වර්ණැති
warnayen,වර්ණයෙන්
warnaye,වර්ණයේ
warnayangen,වර්ණයන්ගෙන්
warnayaka,වර්ණයක
warnayak,වර්ණයක්
warnayada,වර්ණයද
warnaya,වර්ණය
warnawath,වර්ණවත්
warnawaliye,වර්ණාවලියේ
warnawalin,වර්ණවලින්
warnawalimanaya,වර්ණාවලීමානය
warnawali,වර්ණාවලි
warnanawa,වර්ණනාව
warnana,වර්නනා
warnakula,වර්ණකුල
warnaka itiwarga,වර්ණක ඉටිවර්ග
warnaka,වර්ණක
warnagenwu,වර්ණගැන්වූ
warnaganwa,වර්ණගන්වා
warnadayi,වර්ණදායී
warnadai,වර්ණදායී
warna,වර්ණ
warma,වර්මා
warjiniya,වර්ජීනියා
warjanayak,වර්ජනයක්
warjanaya,වර්ජනය
wariyapola,වාරියපොල
warithra,වාරිත්‍ර
warishilpaya,වාරිශිල්පීය
warin,වරින්
warimarge,වාරිමාර්ග
warimarga,වාරිමාර්ග
warijala,වාරිජලය
warigawalata,වරිගවලට
warichchi,වරිච්චි
wari,වාරි
warhta,වාර්තා
wargikathwaya,වාර්ගිකත්වය
wargikaranayak,වර්ගීකරණයක්
wargika,වාර්ගික
wargeekaranayata,වර්ගීකරණයට
wargeekaranayak,වර්ගීකරණයක්
wargeekaranaya,වර්ගීකරණය
wargeekarana,වර්ගීකරණය
wargaye,වර්ගයේ
wargayata,වර්‍ගයාට
wargayakin,වර්ගයකින්
wargayaki,වර්ගයකි
wargayaka,වර්ගයක
wargayak,වර්ගයක්
wargayai,වර්ගයයි
wargayage,වර්ගයාගේ
wargayaage,වර්ගයාගේ
wargayaaagamabhaashawakulayasthree,වර්ගයආගමභාෂාවකුලයස්ත්‍රී
wargaya,වර්ගය
wargawalata,වර්ගවලට
wargawadee,වර්ගවාදී
wargapalayata,වර්ගඵලයට
wargapalayaka,වර්ගඵලයක
wargapalaya,වර්ගඵලය
wargakiri,වර්ගකිරි
wargakilomitara,වර්ගකිලෝමීටර
wargakala,වර්ගකල
wargaja,වර්ගජ
wargagathamaya,වර්ගඝාතමය
wargagam,වර්ගගම්
wargaelawalu,වර්ගඵළවළු
wargada,වර්ගද
warga,වර්ග
warenthuwak,වරෙන්තුවක්
wareng,වරෙන්
waren,වරෙන්
wareka,වරෙක
wardinne,වරදින්නෙ
wardin,වරදින්
wardharaja,වර්ධරාජා
wardhanya,වර්ධනය
wardhaneeya,වර්ධනීය
wardhanaye,වර්ධනයේ
wardhanayata,වර්ධනයට
wardhanayak,වර්ධනයක්
wardhanaya,වර්ධනය
wardhana,වර්ධන
wardhaka,වර්ධක
wardayanaya,වර්ධනය
wardanaye,වර්ධනයේ
wardanayath,වර්ධනයත්
wardanayata,වර්ධනයට
wardanayan,වර්ධනයන්
wardanayak,වර්ධනයක්
wardanaya,වර්ධනය
wardana,වර්ධන
warayeku,වරයකු
warayeki,වරයෙකි
warayek,වරයෙක්
warayedi,වාරයේදී
waraye,වරායේ
warayayan,වරායයන්
warayata,වරායට
warayan,වරායන්
warayakata,වාරයකට
warayak,වාරයක්
warayage,වරයාගේ
waraya,වරාය
warathagatha,වරතගත
waratath,වරටත්
warata,වරට
waraprasadayakda,වරප්‍රසාදයක්ද
waraprasada,වරප්රසාද
warapprasada,වරප්‍රසාද
waranaya,වාරණය
warana,වාරණ
waramanjari,වාරමන්ජරී
warama,වරම
waram,වරම්
waralath,වරලත්
waralasa,වරලස
waral,වරල්
warakma,වරක්ම
warakaopolada,වරකාපොලද
warak,වරක්
warahan,වරහන්
warahamhira,වරාහමිහිර
waragawala,වර්ගවල
waradiyata,වැරදියට
waradinnena,වරදින්නෑ
waradinne,වරදින්නෙ
waradinna,වරදින්න
waradine,වෑරදිනෙ
waradina,වරදින්නෙ
waradin,වරදින්
waradikaruwu,වැරදිකරුවූ
waradi,වෑරදි
waradeemak,වැරදීමක්
waraddamin,වරද්දමින්
waradda,වරද්දා
waradawa,වරදවා
waradakaruweki,වරදකරුවෙකි
waradakaruwava,වරදකරුවාව
waradakaru,වරදකරු
waradakarayawa,වරදකරයාව
warada,වරද
wara,වාර
wapiraweeme,වැපිරවීමේ
wapasariyakin,වපසරියකින්
wapasariyakata,වපසරියකට
wanyon,වන්යොං
wanuye,වනුයේ
wanuwa,අනුව
wanuge,වනුයේ
wanue,වනුයේ
wanu,වනු
wantha,වන්ත
wanta,වන්ට
wanshika,වංශික
wanshayehi,වංශයෙහ්
wanshaye,වන්ශයේ
wanshayay,වංශයයි
```text
wanshaya,වංශය
wanshawathunta,වංශවතුන්ට
wanshawathunge,වංශවතුන්ගේ
wanshawath,වංශවත්
wanshawa,වංශව
wansha,වන්ශ
wanse,වන්සෙ
wansaya,වංශය
wansatthappakasiniya,වංසත්තප්පකාසිනිය
wanoodyaanayata,වනෝද්‍යානයට
wanodyanaye,වනෝද්‍යානයේ
wanniyata,වන්නියට
wannila,වන්නිල
wanniarachchi,වන්නිආරච්චි
wanni,වන්නි
wanneya,වන්නේය
wanneth,වන්නේත්
wanneeda,වන්නීද
wannee,වන්නී
wanneda,වන්නේද
wanne al,වන්නේ අල්
wanne,එන්නේ
wannawu,වන්නාවූ
wannau,වන්නාවූ
wannata,වන්නට
wannan,වන්නන්
wannam,වන්නම්
wannaki,වන්නකි
wannak,වැන්නක්
wannai,වන්නැයි
wannage,වන්නාගේ
wannae,වෙන්නෙ
wanna vu,වන්නාවූ
wanna,වෙන්න
wankadiya,වංකාදිය
waniyata,වැනියාට
wanijya,වාණිජ්‍ය
wanijja,වණිජ්ජා
wanija,වානිජ
wanida,වැනිදා
wani,වැනි
wange,වන්ගෙ
wangathiye,වගන්තියේ
wane,වානේ
wandurakuge,වඳුරකුගේ
wandiyak,වන්දියක්
wandina,වඳින
wandi,වන්දි
wandaya,වඳය
wandawa,වඳව
wandath,වැන්දත්
wandanaye,වර්ධනයේ
wandanayata,වන්දනයට
wandanawata,වන්දනාවට
wandanawa,වන්දනාව
wandanamana,වන්දනාමාන
wandanakaruwantasri,වන්දනාකරුවන්ටශ්‍රී
wandanakaruvaku,වන්දනාකරුවකු
wandanakaruta,වන්දනාකරුට
wandanaakala,වන්දනාකල
wandanaa,වන්දනා
wandana,වන්දනා
wandan,වන්දනා
wandaciye,වෙන්දේසියෙ
wanchawehi,වංචාවෙහි
wanchakara,වංචාකර
wancha,වංචා
wanayata,වනයට
wanawitath,වනවිටත්
wanawitada,වනවිටද
wanawita,වනවිට
wanawe,යානාවේ
wanawata,වෙනවට
wanawasiyage,වනවාසියාගේ
wanawa,වෙනව
wanathuru,වනතුරු
wanasana,වනසන
wanasakwath,වෙනසක්වත්
wanasak,වෙනසක්
wanarakshaka,වනාරක්ෂක
wanantharayen,වනාන්තරයෙන්
wanantharaye,වනාන්තරයේ
wanantharayak,වනාන්තරයක්
wanantharaya,වනාන්තරය
wanantharawala,වනාන්තරවල
wanantharabamboomada,වනාන්තරබැම්බූමඩ
wananthara,වනාන්තර
wanakam,වෙනකල්
wanajeevi,වනජීවි
wanai,වැනි
wanahi,වනාහි
wanaguru,වානගුරු
wanagatha,වනගත
wanada,වනදා
wanaawashoshanaya,වනඅවශෝෂණය
wanaahi,වනාහී
wana wita,වනවිට
wana,වන
wan,වෑන්
wampasa,වම්පස
wame,වමේ
wamathin,වමතින්
wamath,වමත්
wamara,වමාරා
wamane,වමනෙ
wamanayingen,වාමනයින්ගෙන්
wamanayata,වමනයට
wamanayan,වාමනයන්
wamana,වාමන
wamagama,සමගම
wamaga,සමග
wam,වම්
walter,වෝල්ටර්
walta,වලට
walt,වලට
walpola,වල්පොල
waln,වළං
walmi,වෑල්මී
walllll,වල්
walli,වල්ලි
wallabha,වල්ලභ
walka,වල්ක
waliyak,වලියක්
waliyai,වලියයි
waliwiteye,වැලිවිටියේ
walippuwa,වලිප්පුව
walinya,වලින්ය
walini,වලිනි
walinda,වලින්ද
walin,වලින්
wali,වලි
walgayak,වල්ගයක්
walgaya,වල්ගය
walgatharuwak,වල්ගාතරුවක්
walga,වල්ගා
walesaya,වෙල්සය
wales,වේල්ස්
walenut,වලිනුත්
waldi,වලදී
walayan,වළයන්
walaya,වලය
walawwala,වලව්වල
walawwada,වලව්වද
walawwa,වලව්ව
walawkara,වලව්කාර
walawe,වලවේ
walawak,වලාවක්
walaw,වලව්
walavva,වලව්ව
walava,වලව
walauwe,වලෞවෙ
walauwa,වලව්ව
walath,වලත්
walataya,වලටය
walatath,වලටත්
walatadawasthuvidyawedi,වලටදවාස්තුවිද්‍යාවෙදී
walatada,වලටද
walata,වලට
walat,වලට
walasun,වලසුන්
walaseku,වලසෙකු
walasa,වලසා
walas,වලස්
walarupavahini,වලරූපවාහිනී
walapane,වලපනේ
walangu,වලංගු
walandunu,වැළඳුණු
walandaganu,වැළඳගනු
walanda,වැලඳ
walan,වලං
walamoolika,වලමූලික
walama,වලම
walalu,වලලු
walalle,වළල්ලේ
walallaviti,වලල්ලාවිටි
walallata,වළල්ලට
walallak,වළල්ලක්
walakwimata,වැළැක්වීමට
walakwemata,වැළැක්වීමට
walakwayi,වලක්වයි
walakwana,වළක්වන
walakwaleemata,වළක්වාලීමට
walakwai,වළක්වයි
walakwaa,වලක්වා
walakwa,වලක්වා
walakvalayi,වළක්වාලයි
walakulu,වළාකුළු
walakulin,වලාකුළින්
walakule,වලාකුලේ
walakayi,වලකයි
walakana,වළකන
walakalimada,වළකාලීමද
walakalamin,වළකාලමින්
walakai,වලකයි
walaka,වලකා
walaja,වලජ
walagamba,වළගම්බා
waladith,වලදිත්
waladii,වලදී
waladi,වලදී
waladeeya,වලදීය
waladeema,වැළදීම
waladee,වලදී
waladama,වළදමා
walada,වලද
walaadhika,වලඅධික
wala viduli,වල විදුලි
wala,වල
wal,වල්
wakya,වාක්‍ය
wakwanuwehi,වකවානුවෙහි
wakwanuwe,වකවානුවේ
wakugadu,වකුගඩු
wakriya,වක්‍රීය
wakrayata,වක්‍රයට
wakrayak,වක්‍රයක්
wakraya,වක්‍රය
wakrawalin,වක්‍රවලින්
wakrawa,වක්රව
wakra,වක්‍ර
wakiyak,ගෝඨා
wakista,වාකිස්ට
wakawanuwedi,වකවානුවේදී
wakawanuwedee,වකවානුවේදී
wakawanuwe,වකවානුවේ
wakawanuwa,වකවානුව
wakawanu,වකවානු
waka,වක
wak,වක්
wajrasanaye,වජ්‍රයානයේ
wajjiyanu,වජ්ජීයානු
wajji,වජ්ජී
waiyapuri,වෛයාපූරි
waiyapawal,වයියපවල්
waishyawanta,වෛශ්‍යවන්ට
waishyagarayak,වෛශ්‍යාගාරයක්
waishnawagama,වෛෂ්ණවාගම
waishnawa,වෛෂ්ණව
wairowana,වෛරෝචන
wairasaye,වෛරසයේ
wairasayan,වෛරසයන්
wairasawala,වෛරසවල
wairasa,වයිරස
waira,වෛර
waipur,වෛයපුරි
waidyawarunta,වෛද්‍යවරුන්ට
waidyawarayeku,වෛද්‍යවරයෙකු
waidyawarayan,වෛද්‍යවරයන්
waidyavidyawa,වෛද්‍යවිද්‍යාව
waidyamaya,වෛද්‍යමය
waidya,වෛද්යය
waidiya,වෛදිය
waidayawaraya,වෛද්‍යවරයා
waidaya,වෛද්‍ය
wai,වෙයි
wahtsapp,වට්ස්
wahsyen,වශයෙන්
wahnse,වහන්සේ
wahllunta,වහල්ලුන්ට
wahini,වාහිනී
wahinakota,වහිනකොට
waharugatha,වහරුගත
waharedi,වහරේදී
wahara,වහර
wahanwala,වාහනවල
wahansita,වහන්සේට
wahanseta,වහන්සෙට
wahanselata,වහන්සේලාට
wahanselage,වහන්සේලාගේ
wahansela,වහන්සේලා
wahansegen,වහන්සේගෙන්
wahansege,වහන්සේ‍ගේ
wahansegandhi,වහන්සේගාන්ධී
wahanseeta,වහන්සේට
wahanse maanshagathawuu,වහන්සේ මාංශගතවූ
wahanse,වහන්සෙ
wahansata,වහන්සේට
wahansa,වහන්ස
wahanna,වෑහන්න
wahanayedi,වහනයේදි
wahanaya,වහනය
wahana,වාහන
wahama,වහාම
wahalun,වහලුන්
wahalkada,වාහල්කඩ
wahale,වහලෙ
wahalbhawayata,වහල්භාවයට
wahalbhawaya,වහල්භාවය
wahalaya,වහලය
wahalawal,වහලවල්
wahalakuge,වහලෙකුගේ
wahalak,වහලක්
wahala,වහල
wahal,වහල්
wahakayan,වාහකයන්
wahaka,වාහක
wahak,වහක්
waha,වහ
waguwehi,වගුවෙහි
waguru,වගුරු
wagurehi,වගුරෙහි
wagurakwa,වඟුරක්ව
waguewe,වගුවේ
wagu,වගු
waglankara,වාග්ලංකාර
wagirena,වැගිරෙන
waggeyakkara,වාග්ගේයකාර
wageoyata,වගෙඔයට
wagene,වගෙනෙ
wagena,වගේම
wagemara,වගේමාර
wagema,වගෙම
wagei,වගෙයි
wageeth,වගෙඒත්
wagee,වගේ
wagedewiyane,වගෙදෙවියනෙ
wagedath,වගෙදත්
wagea,වගේ
wage,වගෙ
wagawen,වගාවෙන්
wagawedi,වගාවේදී
wagawe,වගාවේ
wagawata,වගාවට
wagawan,වගාවන්
wagawai,වගාවයි
wagawa,වගාව
wagauttharakaru,වගඋත්තරකරු
wagauththarakaruge,වගඋත්තරකරැගේ
wagata,වගට
waganthiyehi,වගන්තියෙහි
waganthiye,වගන්තියේ
waganthiyathamata,වගන්තියතමාට
waganthiyata,වගන්තියට
waganthiya,වගන්තිය
waganna,වහගන්න
wagama,වගාව
wagakiyathi,වගකියති
wagakiwayuthu,වගකියයුතු
wagakiwatyuthu,වගකිවයුතු
wagakiwa,වගකිව
wagakireeme,වගාකිරීමේ
wagakinen,වගකීමෙන්
wagakimen,වගකීමෙන්
wagakimak,වගකීමක්
wagakima,වගකීම
wagakiima,වගකීම
wagakeemwalin,වගකීම්වලින්
wagakeemak,වගකීමක්‌
wagakeema,වගකීම
wagakeem,වගකීම්
wagakarannan,වගාකරන්නන්
wagakarana,වගාකරන
wagakala,වගාකල
wagain,වගකිම්
wagagatha,වගාගත
wagabim,වගාබිම්
wagabalaganna,වගබලාගන්න
wagaaa,වගේ
waga,වගේ
wag,වාග්
wadyata,වාදයට
wadya,වාද්‍ය
waduwaya,වැදුවාය
wadurakuge,වඳුරකුගේ
wadunu,වැදුණු
waduni,වැදුණි
waduneumaali,වෑදුනෙඋමාලි
wadunaha,වැදුනහ
waduna,වෑදුන
wadulaka,වදුලක
wadukkodei,වඩුක්කොඩෙයි
wadukkodai,වඩුක්කොඩෙයි
wadu,වඩු
wadsatahana,වෑඩසටහන
wadk,වෑඩක්
wadiyenuth,වැඩියෙනුත්
wadiyen,වෑඩියෙන්
wadiyawak,වැඩියාවක්
wadiya,වෑඩිය
wadiwewa,වෑඩිවේවා
wadiwee,වාඩිවී
wadiwana,වැඩිවන
wadipura,වෑඩිපුර
wadinnepa,වදින්නෙපා
wadinne,වදින්නේ
wadinna,වදින්න
wadinawa,වදිනවා
wadinagala,වඩිනාගල
wadina,වඩින
wadimin,වඩිමින්
wadimal,වැඩිමල්
wadimahalma,වැඩිමහල්ම
wadimahal,වැඩිමහල්
wadila,වෑදිල
wadikamata,වෑඩිකමට
wadihitiyan,වැඩිහිටියන්
wadigena,වාඩිගෙන
wadida,වදීද
wadi,වෑඩි
wadhgath,වෑදගත්
wadhagath,වැදගත්
wadha,වධ
wadgth,වෑදගත්
wadeth,වැඩෙත්
wadesatehane,වෑඩසටහන
wadenam,වැඩේනම්
wadena,වැඩෙන
waden,වෙඩින්ග්
wadema,වෑඩේම
wadek,වඩක්
wadegod,වෑඩෙගුඩ්
wadeenam,වෑඩේනම්
wadeen,වාදීන්
wadeeme,වැඩීමේ
wadeemata,වැදීමට
wadeema,වැදීම
wadee,වැදී
wade,වෑඩ
wadda,වෑඩ්ඩා
wadaye,වාදයේ
wadayata,වාදයට
wadayai,වාදයයි
wadaya,වාදය
wadawime,වදවීමේ
wadawasam,වැඩවසම්
wadawana,වඩවන
wadavii,වඳවී
wadathma,වඩාත්ම
wadath,වඩාත්
wadata,වෑඩට
wadasita,වැඩසිට
wadasatahanata,වෑඩසටහනට
wadasatahanakeyalata,වෑඩසටහනක්එයාලට
wadasatahanaka,වැඩසටහනක
wadasatahana,වෑඩසටහන
wadasatahan,වෑඩසටහන්
wadarathi,වදාරති
wadarana,වදාරන
wadaradakeeya,වඩාරාජකීය
wadara,වදාරා
wadapiliwelak,වෑඩපිලිවෙලක්
wadannek,වඩන්නෙක්
wadaniyama,වෑඩනියම
wadanda,වදන්ද
wadanaya,වාදනය
wadanaki,වදනකි
wadanak,වදනක්
wadana,වදන
wadan,වෑඩක්
wadamarachchi,වඩමාරච්චි
wadama,වැඩම
wadam,වඩම්
wadale,වදාළේ
wadala,වදාළ
wadakma,වෑඩක්ම
wadakayo,වාදකයෝ
wadakayeku,වාදකයෙකු
wadakarayo,වැඩකාරයො
wadakaranawata,වැඩකරනවට
wadak,වෑඩක්
wadagth,වෑදගත්
wadagathoyath,වෑදගත්ඔයත්
wadagathma,වැදගත්ම
wadagathkamak,වැදගත්කමක්
wadagath,වෑදගත්
wadagat,වෑදගත්
wadaath,වඩාත්
wadaa,වඩා
wada,වෑඩ
wad,වාද්
wackraya,වක්‍රය
wachn,වචන
wachika,වාචික
wachanekama,වචනෙකම
wachanayeni,වචනයෙනි
wachanayen,වචනයෙන්
wachanaye,වච‍නයේ
wachanayata,වචනයට
wachanayaki,වචනයකි
wachanayak,වචනයක්
wachanaya,වචනය
wachanawalin,වචනවලින්
wachanawalata,වචනවලට
wachanarthayen,වචනාර්ථයෙන්
wachanaigena,වචනඉගෙන
wachana,වචන
wachan,වචන
wacana,වචන
wabliwu,ඩබ්ලිව්
wabhshta,වාභිෂ්ඨ
waayu,වායු
waawanayath,අවසානයත්
waathaye,වාතයේ
waathaya,වාතය
waathaawaranaya,වාතාවරණය
waatha,වාත
waashpa,වාෂ්ප
waasaya,වාසය
waasanaawanthai,වාසනාවන්තයි
waarthaawuu,වාර්තාවූ
waarthaawala,වාර්තාවල
waarthaawak,වාර්තාවක්
waarthaawa,වාර්තාව
waarthaa,වාර්තා
waarshika,වාර්ෂික
waarimaarga,වාරිමාර්‍ග
waarayak,වාරයක්
waara,වාර
waane,වානේ
waame,වාමේ
waakyaano,වාක්‍යයාණෝ
waag,වාග්
waadayak,වාදයක්
waachika,වාචික
waaaw,වාව්
waaaaa,වා
wa,ව
w,ඩබ්ලිව්
vyutpanna,ව්‍යුත්පන්න
vyuthpanna,ව්‍යුත්පන්න
vyutakpannayak,ව්‍යුතක්පන්නයක්
vyupasamana,ව්‍යුපසමන
vyuhayen,ව්‍යූහයෙන්
vyuhaye,ව්‍යුහයේ
vyuhayata,ව්‍යුහයට
vyuhayaki,ව්‍යූහටකි
vyuhayaka,ව්‍යූහයක
vyuhayak,ව්‍යහුයක්
vyuhaya,ව්‍යුහය
vyuhawadaya,ව්‍යුහවාදය
vyuhavala,ව්‍යුහවල
vyuhavadaya,ව්‍යුහවාදය
vyuha,ව්‍යුහ
vybrand,වයිබ්‍රැන්ඩ්
vyayamayan,ව්‍යයාමයන්
vyawasthawala,ව්‍යවස්ථාවල
vyawasthawa,ව්‍යවස්ථාව
vyawasthamaya,ව්‍යවස්ථාමය
vyawasayakayinwa,ව්‍යවසායකයින්ව
vyawaharika,ව්‍යවහාරික
vyawaharaya,ව්‍යවහාරය
vyawahara,ව්‍යවහාර
vyawahaara,ව්‍යවහාර
vyavasthawan,ව්‍යවස්ථාවන්
vyavasthavehi,ව්‍යවස්ථාවෙහි
vyavasthava,ව්‍යවස්ථාව
vyavasthamaya,ව්‍යවස්ථාමය
vyavasthadayakaye,ව්‍යවස්ථාදායකයේ
vyavasthadayakaya,ව්‍යවස්ථාදායකය
vyavasthadayaka,ව්‍යවස්ථාදායක
vyavastha,ව්‍යවස්ථා
vyavahara,ව්‍යවහාර
vyathirekayak,ව්‍යතිරේකයක්
vyasthapitha,ව්‍යවස්ථාපිත
vyasanayen,ව්‍යසනයෙන්
vyasanayak,ව්‍යසනයක්
vyasana,ව්‍යසන
vyartha,ව්‍යර්ථ
vyaptiya,ව්‍යාප්තිය
vyapti,ව්‍යාප්ති
vyapthiyath,ව්‍යාප්තියත්
vyapthiyaka,ව්‍යාප්තියක
vyapthiya,ව්‍යාප්තිය
vyapthawa,ව්‍යාප්තව
vyapthava,ව්‍යාප්තව
vyaptha,ව්‍යාප්ත
vyapta,ව්‍යාප්ත
vyapruthiye,ව්‍යපෘතියේ
vyapruthiyakda,ව්‍යාපෘතියක්ද
vyapruthiyak,ව්‍යාපෘතියක්
vyapruthiya,ව්‍යාපෘතිය
vyapruthi,ව්‍යාපෘති
vyaprtiye,ව්‍යාපෘතියේ
vyaparikayo,ව්‍යාපාරිකයෝ
vyaparikayaku,ව්‍යාපාරිකයෙකු
vyaparika,ව්‍ය‍ාපාරික
vyaparayehi,ව්‍යාපාරයෙහි
vyaparaye,ව්‍යාපාරයේ
vyaparayayi,ව්‍යාපාරයයි
vyaparayata,ව්‍යාපාරයට
vyaparayan,ව්‍යාපාරයන්
vyaparayakata,ව්‍යාපාරයකට
vyaparayak,ව්‍යාපාරයක්
vyaparaya,ව්‍යාපාරය
vyaparawalata,ව්‍යාපාරවලට
vyaparavyapara,ව්‍යාපාරව්‍යාපාර
vyaparavalata,ව්‍යාපාරවලට
vyapara,ව්‍යාපාර
vyangayen,ව්‍යංගයෙන්
vyangava,ව්‍යංගව
vyanganaya,ව්‍යංගනය
vyakula,ව්‍යාකූල
vyaktha,ව්‍යක්ත
vyakoolathwayata,ව්‍යාකූලත්වයට
vyakoola,ව්‍යාකූල
vyakaranamaya,ව්‍යාකරණමය
vyakaranagnayin,ව්‍යාකරණාඥයින්
vyakarana,ව්‍යාකරණ
vyakaran,ව්‍යාකරණ
vyaja,ව්‍යාජ
vyadi,ව්‍යාධි
vyadhi,ව්‍යාධි
vyabhicharaya,ව්‍යාභිචාරය
vyabhichara,ව්‍යාභිචාර
vyabadhayak,ව්‍යාබාධයක්
vyaapaarayakata,ව්‍යාපාරයකට
vyaakaranaya,ව්‍යාකරණය
vuyhayak,ව්‍යුහයක්
vuyeya,වුයේය
vuyeda,වූයේද
vuye,වූයේ
vuwath,වුවත්
vuvu,වැවු
vuvaya,වූවාය
vuvath,වුවත්
vuvat,වුවත්
vuvan,වුවන්
vuvaki,වූවකි
vuvahoth,වුවහොත්
vuvada,වුවද
vuva,වුව
vuth,වුත්
vurthiye,වෘත්තියේ
vurthiya,වෘත්තීය
vurthaya,වෘත්තය
vurtha,වෘත්ත
vupasamanayata,වුපසමනයට
vunu,වුණු
vuni,වුණි
vuna,වුන
vulcan,වල්කන්
vuha,වූහ
vu,වූ
vt,VT
vs,Vs
vrutthiya,වෘත්තීය
vrutthimaya,වෘත්තීමය
vrutthaye,වෘත්තයේ
vrutthayaka,වෘත්තයක
vrutthantha,වෘත්තාන්ත
vrutthagandhi,වෘත්තගන්ධි
vruththuya,වෘත්තිය
vruththanthaya,වෘත්තාන්තය
vruththa,වෘත්ත
vrutha,වෘත
vrushaniya,වෘෂණීය
vruntha,වෘන්ත
vrukshayaki,වෘක්ෂයකි
vrukshayak,වෘක්‌ෂයක්‌
vrukshaya,වෘක්‍ෂය
vrukshawalata,වෘක්ෂවලට
vruksha,වෘක්‌ෂ
vrttiye,වෘත්තියේ
vrtta,වෘත්ත
vrsana,වෘෂණ
vrndaya,වෘන්දය
vott,වොට්
vot,වෝට්
vosintan,වොෂින්ටන්
vorvijek,වොර්විජෙක්
von,වොන්
voltiyathawa,වෝල්ටීයතාවය
voltiyathavayata,වෝල්ටීයතාවයට
voltiyathavayak,වෝල්ටීයතාවයක්
voltiyathava,වෝල්ටීයතාවය
voltiyatha,වෝල්ටීයතා
voltior,වෝල්ටර්
volteyatha,වෝල්ටීයතා
volteeyatha,වෝල්ටීයතා
volteeya,වෝල්ටීය
volta,වෝල්ටා
volt,වොල්ට්
volota,වෝල්ටා
volleyball,වොලිබෝල්
volf,වෝල්ෆ්
voldan,වෝල්ඩන්
vois,වොයිස්
voice,වොයිස්
vo,VO
vm,VM
vlog,ව්ලොග්
vkriya,ව්ක්‍රියා
viyuthpanna,ව්යුත්පන්න
viyuthi,වියුති
viyutha,වියුත
viyuhayata,ව්‍යුහයට
viyuhamaya,ව්‍යූහමය
viyuha,ව්‍යුහ
viyethi,වියැති
viye,වියේ
viyawul,වියවුල්
viyawasthawehi,ව්‍යවස්ථාවෙහි
viyavahara,ව්‍යවහාර
viyatnamaya,වියට්නාමය
viyathmaka,විද්‍යාත්මක
viyata,වියට
viyaru,වියරු
viyapthiya,ව්‍යාප්තිය
viyapthi,ව්‍යාප්ති
viyapthawa,ව්‍යාප්තව
viyaptha,ව්‍යාප්ත
viyapruthi,ව්‍යාපෘති
viyaparayata,ව්‍යාපාරයට
viyaparayaki,ව්‍යාපාරයකි
viyaparayaka,ව්‍යපාරයක
viyaparaya,ව්‍යාපාරය
viyaparagatha,ව්‍යාපාරගත
viyapara,ව්‍යාපාර
viyani,වියානි
viyanak,වියනක්
viyana,වියන
viyali,වියලි
viyalayak,විද්‍යාලයක්
viyala gath poorna,වියළාගත්පූර්ණ
viyadamen,වියදමෙන්
viyadam,වියදම්
viya,විය
viwaktha,විවක්ත
viwadaye,විවාදයේ
vivurthaweema,විවෘතවීම
vivurthawa,විවෘතව
vivurthava,විවෘතව
vivurtha,විවෘත
vivurhta,විවෘත
viviragathayak,විවිරගතයක්
viviktha,විවික්ත
viviechanaye,විවේචනය
vividhavarna,විවිධවර්ණ
vividhathwaye,විවිධත්වයේ
vividhathwayan,විවිධත්වයන්
vividhathwaya,විවිධත්වය
vividhartha,විවිධාර්ථ
vividhakara,විවිධාකාර
vividha,විවිධ
vividaya,විවිධය
vividathwayakin,විවිධත්වයකින්
vividathwaya,විවිධත්වය
vividakarayen,විවිධාකාරයෙන්
vividakara,විවිධාකාර
vivida,විවිධ
vivekayakin,විවේකයකින්
viveka,විවේක
vivechanayata,විවේචනයට
vivechanayanta,විවේචනයන්ට
vivechanayada,විවේචනයද
vivechanaya,විවේචනය
vivechanathmaka,විවේචනාත්මක
vivechana,විවේචන
vivarthanaya,විවර්තනය
vivartha,විවර්ත
vivaraye,චීවරයේ
vivarawa,විවරව
vivarana,විවරණ
vivahayen,විවාහයෙන්
vivahayedi,විවාහයෙදී
vivahaye,විවාහයේ
vivahayata,විවාහයට
vivahayaka,විවාහයක්
vivahayak,විවාහයක්
vivahaya,විවාහය
vivahavuvita,විවාහවූවිට
vivahavalata,විවාහවලට
vivahapath,විවාහපත්
vivaha,විවාහ
vivadayata,විවාදයට
vivadayak,විවාදයක්
vivada,විවාද
viuuwanata,විසූවනට
vitthivachakaya,විත්තිවාචකයන්
vitthivachaka,විත්තිවාචක
vitthi,විත්ති
vitin,විටින්
vithra,විතර
vithiye,වීථියේ
vitharakk,විතරක්
vitharak,විතරයි
vitharaine,විතරයිනේ
vitharai,විතරයි
vitharada,විතරද
vithara,විතර
vith,විත්
viteka,විටෙක
vitaya,විටය
vitath,විටත්
vitarada,විතරද
vitamins,විටමින්ස්
vitaminda,විටමින්ද
vitamin,විටමින්
vitama,විටම
vitaka,විටක
vitadi,විටදී
vita,විට
viswasa,විශ්වාස
viswa,විශ්ව
visvasayak,විශ්වාසයක්
visvasaya,විශ්වාසය
visvasa,විශ්වාස
visva,විශ්ව
visuwo,විසූවෝ
visuruwa,විසුරුවා
visuru,විසුරු
visure,විසුරේ
visulu,විසුළු
visual,විශුවල්
visu,විසූ
vistharaya,විස්තරය
vistharay,විස්තරය
vistharathmakawa,විස්තරාත්මකව
vistharathmaka,විස්තරාත්මක
visthara,විස්තර
visthapanayanta,විස්ථාපනයන්ට
visthapanaya,විස්ථාපනය
visthapana,විස්ථාපනය
vistaratmakava,විස්තරාත්මකව
vistara,විස්තර
vissa,විස්ස
visrama,විශ්‍රාම
visnu,විෂ්ණු
vismitha,විස්මිත
vismayata,විස්මයට
visivana,විසිවන
visituru,විසිතුරු
visithuru,විසිතුරු
visistai,විශිශ්ටයි
visista,විශිෂ්ට
visirunu,විසිරුණු
visirithayehi,විසිරිතයෙහි
visiritha,විසිරිත
visiri,විසිරි
visira,විසිර
visinma,විසින්ම
visini,විසිනි
visinda,විසින්ද
visin,විසින්
visim,විසින්
visi,විසි
vishwiya,විශ්වීය
vishwaya,විශ්වය
vishwavidyalayen,විශ්වවිද්‍යාලයයෙන්
vishwavidyalayak,විශ්වවිද්යාලයක්
vishwavidyalaya,විශ්වවිද්‍යාලය
vishwavidyala,විශ්වවිද්‍යාල
vishwasha,විශ්වාස
vishwasayen,විශ්වාසයෙන්
vishwasayan,විශ්වාසයන්
vishwasayak,විශ්වාසයක්
vishwasa,විශ්වාස
vishwanathan,විශ්වනාථන්
vishwanatha,විශ්වනාථ
vishwakoshaya,විශ්වකෝෂය
vishwakosha,විශ්වකෝෂ
vishwakarma,විශ්වකර්ම
vishwa vidyalaye,විශ්වවිද්‍යාලයේ
vishwa vidyalaya,විශ්වවිද්‍යාලය
vishwa,විශ්ව
vishvaye,විශ්වයේ
vishvayanhi,විශ්වයන්හී
vishvashaya,විශ්වාශය
vishvasha,විශ්වාස
vishvasayak,විහ්වාසයක්
vishvasaya,විශ්වාසය
vishvasaniyathvayak,විශ්වසනකත්වයක්
vishvasaniyathvaya,වීශ්වාසනීයත්වය
vishvasaneeyathvayen,විශ්වාසනීත්වයෙන්
vishvasa,විශ්වාස
vishvakarmaya,විශ්වකර්මයා
vishva,විශ්ව
vishuwel,විශුවල්
vishual,විශුවල්
vishthata,විස්තර
vishtharaya,විස්තරය
vishthara,විස්තර
vishramalath,විශ්‍රාමලත්
vishrama,විශ්‍රාම
vishnuge,විෂ්ණුගේ
vishnu,විෂ්ණු
vishmayajanaka,විශ්මයජනක
vishleshanayedee,විශ්ලේෂණයේදී
vishleshanayata,විශ්ලේෂණයට
vishleshanayak,විශ්ලේෂණයක්
vishleshanaya,විශ්ලේෂණය
vishkambhayak,විෂ්කම්භයක්
vishkambhaya,විෂ්කම්භය
vishistayo,විශිෂ්ටයෝ
vishistawa,විශිෂ්ඨව
vishistathwaye,විශිෂ්ඨත්වයේ
vishistathwaya,විශිෂ්ටත්වය
vishista,විශිෂ්ට
vishishtathama,විශිශ්ටතම
vishishta,විශිෂ්ට
visheshithawa,විශේශිතව
visheshitha,විශේෂිත
visheshikaranaya,විශේෂිකරණය
visheshayenma,විශේෂයෙන්ම
visheshayen,විහේෂයෙන්
visheshayange,විශේෂයන්ගේ
visheshayaki,විශේෂයකි
visheshayakata,විශේෂයකට
visheshayak,විශේෂයක්
visheshayada,විශේශයද
visheshaya,විශේෂය
visheshathwayak,විශේෂත්වයක්
visheshathavak,විශේෂතාවක්
visheshanga,විශේෂාංග
visheshanaya,විශේෂනය
visheshana,විශේෂණ
visheshagnayin,විශේෂඥයින්
visheshagnayekuge,විශේෂඥයෙකුගේ
visheshagnayan,විශේෂඥයන්
visheshagna,විශේෂඥ
vishesha,විශේෂ
vishesayenma,විශේෂයෙන්ම
vishesayen,වි‍ශේෂයෙන්
vishesayaki,විශේෂයකි
vishesagnayin,විශේෂඥයින්
vishesagnayaku,විශේෂඥයකු
visesa,විශේෂ
visheeshitha,විශේෂිත
vishayehi,විෂයයෙහි
vishaye,විෂයේ
vishayayan,විෂයයන්
vishayaya,විෂයය
vishayanubaddha,විෂයානුබද්ධ
vishayan,විෂයන්
vishayakin,විෂයයකින්
vishayakatama,විෂයකටම
vishayak,විශයක්
vishaya,විශය
vishawayu,විෂවායු
visharadayin,විශාරදයින්
visharada,විශාරද
vishamatha,විෂමතා
vishamajathiya,විෂමජාතීය
vishama,විෂම
vishalavath,විශාලවත්
vishalathwayen,විශාලත්වයෙන්
vishalathwayak,විශාලත්වයක්
vishalathwaya,විශාලත්වය
vishalathamayan,විශාලතමයන්
vishalathama,විශාලතම
vishalanaya,විශාලනය
vishalana,විශාලන
vishalama,විශාලම
vishalaka,විශාලක
vishala,විශාල
vishal,විශල්
vishaka,විශාකා
vishadaya,විශාදය
vishaala,විශාල
visha,විශ
visesita,විශේෂිත
visesayenpravrti,විශේෂයෙන්ප්‍රවෘති
visesayen,විශේෂයෙන්
visesayan,විශේෂයන්
visesa,විශේෂ
visdumak,විසදුමක්
visaye,වි‍ෂයේ
visaya,විෂය
visarjana,විසර්ජන
visaranaya,විසරණය
visankethikaranaya,විසංකේතීකරණය
visangatha,විසංගත
visanduwm,විසඳුම්
visandumak,විසඳුමක්
visandum,විසඳුම්
visandima,විසඳීම
visandhi,විසන්ධි
visandena,විසඳෙන
visandee,විසඳී
visandanu,විසඳනු
visalaya,විශාලය
visalatvayanhi,විශාලත්වයන්හි
visalatama,විශාලතම
visala,විශාල
visal,විසල්
visakuru,විසකුරු
visadumak,විසදුමක්
visadum,විසදුම්
visabheeja,විෂබීජ
visa,විස
viryaya,වීර්යය
virya,වීරයා
virusaya,වෛරසය
virusa,වෛරස
virupi,විරෑපි
virupanayata,විරූපණයට
virupanaya,විරූපණය
viruddhawadeekam,විරුද්ධවාදීකම්
viruddhawa,විරුද්ධව
viruddhavadinta,විරුද්ධවාදීන්ට
viruddhavadi,විරුද්ධවාදී
viruddhava,විරුද්ධව
viruddhathwaya,විරුද්ධත්වය
viruddha,විරුද්ධ
virudaya,විරුදය
virudawaliya,විරුදාවලිය
virudanamaya,විරුදනාමය
viruda,විරෑඪ
virtual,වර්චුවල්
viroopanaya,විරූපණය
virodhithava,විරෝධීතාව
virodhi,විරෝධී
virodhee,විරෝධී
virodhayaki,විරෝධයකි
virodhaya,විරෝධය
virodhatha,විරෝධතා
virodee,විරෝධී
virodaya,විරෝධය
virodatha,විරෝධතා
virjiniya,වර්ජීනියා
virjinia,වර්ජිනියා
viriya,වීරිය
virithen,විරිතෙන්
viritakata,විරිතකට
virayakuge,වීරයකුගේ
viravarayek,වීරවරයෙක්
virasinham,වීරසිංහම්
virama,විරාම
virala,විරල
virakhyanayanhi,වීරඛ්‍යානයන්හී
virahitha,විරහිත
viraha,විරහ
vira,වීර
vir,වීර්
vipula,විපුල
viplawaye,විප්ලවයේ
viplawayange,විප්ලවයන්ගේ
viplawaya,විප්ලවය
viplawa,විප්ලව
viplaviya,විප්ලවීය
vipassana,විපස්සනා
viparyasaya,විපර්යාසය
viparyasak,විපර්යාසයක්
viparyasa…,විපර්‍යාස
viparyasa,විපර්‍යාස
viparinamayak,විපරිණාමයක්
vipalawawadiyek,විප්ලවවාදියෙක්
vipaksha,විපක්ෂ
viovidhathwayakin,විවිධත්වයකින්
violla,වයලා
vinyashtikakaranaya,වින්‍යශ්ටිකකරණය
vinyasaya,වින්‍යාසය
vinu,වීනු
vinsant,වින්සන්ට්
vinodhashwada,විනෝදාංශ්වාද
vinodaya,විනෝදය
vinodawenna,විනොදවෙන්න
vinodathmaka,විනෝදාත්මක
vinodaswadaye,විනෝදාෂ්වාදයේ
vinodaswadayak,විනෝදාස්වාදයක්
vinodaswadaya,විනෝදාස්වාදය
vinodaswada,විනෝදාස්වාද
vinodasvadayate,විනෝදාස්වාදයට
vinodasvada,විනෝදාස්වාද
vinodansha,විනෝදාංශ
vinoda,විනෝද
vinividina,විනිවිදින
vinivida,විනිවිද
vinithai,විනීතයි
vinisuruwan,විනිසුරැවන්
vinisuruveku,විනිසුරුවෙකු
vinisurutumanla,විනිසුරුතුමන්ලා
vinisuruthuma,විනිසුරුතුමා
vinisuru,විනිසුරු
vinisuran,විනිසුරුවන්
vinisura,විනිසුරැ
vinishya,විනිශ්‍ය
vinishchayata,විනිශ්චයට
vinishchaya,විනිශ්චය
vinin,විනිං
vinimmuththohi,විනිම්මුත්තෝහි
vinil,විනිල්
vini,විනි
vingnanaya,විඥානය
vineyi,විනැයි
vine,වයින්
vindithayage,වින්දිතයාගේ
vindina,විදින
vindanaye,වින්දනයේ
vindanaya,වින්දනය
vindanathmak,වින්දනාත්මක
vincenti,වින්සන්ටි
vinayang,විනයං
vinayagaruka,විනයගරුක
vinayacharya,විනයාචාර්ය
vinaya,විනය
vinawak,වීණාවක්
vinashayath,විනාශයත්
vinashayata,විනාශයට
vinashaya,විනාශය
vinashawana,විනාශවන
vinashakari,විනාශකාරී
vinashakaree,විනාශකාරී
vinashakara,විනාශකාරි
vinasha,විනාශ
vinasa,විනාශ
vinadu,විනාඩි
vinadi,විනාඩි
vina,විණ
vin,වින්
vimukti,විමුක්ති
vimukthiya,විමුක්තිය
vimukthi,විමුක්ති
vimoochaka,විමෝචක
vimochitha,විමෝචිත
vimochanaya,විමෝචනය
vimochana,විමෝචන
vimochakayak,විමෝචකයක්
vimochakaya,විමෝචකය
vimochaka,විමෝචක
vimen,වීමෙන්
vime,වෙීමෙ
vimayi,වීමයි
vimath,වීමත්
vimata,වීමට
vimat,වීමත්
vimasu,විමසු
vimarshanayakin,විමර්ශනයකින්
vimarshanayakadi,විමර්ශනයකදි
vimarshanaya,විමර්ශනය
vimarshanathmaka,විමර්ශනාත්මක
vimarshana,විමර්ශන
vimarsha,විමර්ශ
vimarsanaya,විමර්ශනය
vimanayak,විමානයක්
vimanaya,විමානය
viman,විමන්
vimaki,වීමකි
vimakda,විමක්ද
vimak,වීමක්
vimadyagatha,විමධ්‍යගත
vimadhyagathakaranaya,විමදයගතකරණය
vimadhyagatha,විමදයගත
vima,වීම
vilpattu,විල්පත්තු
vilopikayek,විලෝපිකයෙක්
vilopikayanta,විලෝපිකයන්ට
vilopikayangen,විලෝපිකයන්ගෙන්
vilopikaya,විලෝපිකයා
villas,විලාස්
villard,විලාඩ්
vilayana,විලයන
vilasithawa,විලාසිතාව
vilasitha,විලාසිතා
vilasita,විලාසිතා
vilashaya,විලාශය
vilasayeni,විලාසයෙනි
vilasayen,විලාසයෙන්
vilasaya,විලාසය
vilapayakkalathurakin,විලාපයක්කලාතුරකින්
vilapa,විලාප
vilakkuv,විලක්කු
vilad,විලාඩ්
vikurthi,විකෘති
vikrti,විකෘති
vikramasinha,වික්‍රමසිංහ
vikrama,වික්‍රම
vikirya,වික්‍රියා
vikiranaye,විකිරණයේ
vikiranaya,විකිරණය
vikiranawalin,විකිරණවලින්
vikiranashili,විකිරණශීලි
vikiranashilee,විකිරණශීලී
vikiranasheeli,විකිරනශීලී
vikirananaya,විකිරණනය
vikirana,විකිරණ
vikinimen,විකිනීමෙන්
vikinime,විකිණිමේ
vikhandana,විඛණ්ඩන
vikhadana,විඛාදන
vikhadakayak,විඛාදකයක්
vikendriya,විකේන්ද්‍රීය
vikendranaya,විෙක්න්දනය
vikata,විකට
vikashayan,විකාශයන්
vikashaya,විකාශය
vikashanayedith,විකාශනයේදීත්
vikashanaye,විකාශනයේ
vikashanayata,විකාශනයට
vikashanayan,විකාශනයන්
vikashanayak,විකාශනයක්
vikashanaya,විකාශනය
vikashana,විකාශන
vikasanaya,විකාශනය
vikaryk,විකාරයක්
vikarshanayakata,විකර්ෂණයකට
vikarshanaya,විකර්ශනය
vikaranaya,විකරණය
vikarada,විකාරද
vikara,විකාර
vikandanayata,විඛණ්ඩනයට
vikandana,විඛණ්ඩන
vikalpayak,විකල්පයක්
vikalpa,විකල්ප
vijitha,විජිත
vijitayan,විජිතයන්
vijinipath,විජිණිපත්
vijeraja,විජේරාජ
vijayaramaya,විජයාරාමය
vijayapala,විජයපාල
vijayabahu,විජයබාහු
vijaya,විජය
vijatheeya,විජාතීය
viishesha,විශේෂ
viikashaya,විකාශය
viii,VIII
vihra,විහාරා
vihin,විහින්
vihilu,විහිළු
vihiduwana,විහිදුවන
vihidunu,විහිදුණු
vihidi,විහිදී
vihidena,විහිදෙන
vihidei,විහිදෙයි
vihidee,විහිදී
vihida,විහිද
viharayen,විහාරයෙන්
viharaye,විහාරයේ
viharayayi,විහාරයයි
viharayata,විහාරයට
viharayarideeviharaya,විහාරයරිදීවිහාරය
viharayaki,විහාරයකි
viharayakda,විහාරයක්ද
viharayaka,විහාරයක
viharayada,විහාරයද
viharaya,විහාරය
viharawamakiwa,විහාරවමේකිව
viharathi,විහරති
viharasthanayaka,විහාරස්ථානයක
viharasthanayak,විහාරස්ථානයක්
vihararama,විහාරාරාම
viharaha,විහාරය
viharaa,විහාරා
vihara,විහාර
vigrha,විග්‍රහ
vigrahayen,විග්‍රහයෙන්
vigrahadiya,විග්‍රාහාදිය
vigraha,විග‍්‍රහ
vignanaye,විඥානයේ
vignanaya,විඤ්ඥානය
vignanana,විඤ්ඤාණ
vignana,විඥාන
vigasin,විගසින්
views,වීව්ස්
view,වීව්
vietnamayehi,වියට්නාමයෙහි
vietnamaya,වියට්නාමය
vietnama,වියට්නාම්
viedo,විඩියෝ
vidyuthyanthrika,විද්‍යුත්යාන්ත්‍රික
vidyuthaye,විද්‍යුතයේ
vidyuthaya,විද්‍යුතය
vidyuth,විද්යුත්
vidyut,විද්‍යුත්
vidyodaya,විද්යෝදය
vidyodaa,විද්යෝදය
vidyawqa,විද්‍යාව
vidyawen,විද්‍යාවෙන්
vidyawehi,විද්‍යාවෙහි
vidyawedi,විද්‍යාවේදී
vidyawe,විද්‍යාවේ
vidyawata,විද්‍යාවට
vidyawanhi,විද්‍යාවන්හී
vidyawan,විද්‍යාවන්
vidyawa oushada,විද්‍යාවඖෂධ
vidyawa,විද්‍යාව
vidyaven,විද්‍යාවෙන්
vidyavehi,විද්‍යාවෙහි
vidyavedi,විද්‍යාවේදී
vidyave,විද්‍යාවේ
vidyavata,විද්‍යවට
vidyavala,විද්‍යාවල
vidyavada,විද්‍යාවද
vidyava,විද්‍යාව
vidyatmakava,විද්‍යාත්මකව
vidyatmaka,විද්‍යාත්මක
vidyathmakawa,විද්‍යාත්මකව
vidyathmaka,විද්යාත්මක
vidyath,විද්‍යුත්
vidyarthayek,විද්‍යාර්ථයෙක්
vidyannayin,විද්‍යාඥයින්
vidyangnayanta,විද්‍යඥයන්ට
vidyamaya,විද්‍යාමය
vidyamanawa,විද්‍යාමානව
vidyamana,විද්‍යාමාන
vidyalkaya,විද්‍යාලය
vidyalayiya,විද්‍යාලයීය
vidyalayenut,විද්‍යාලයෙනුත්
vidyalayeni,විද්‍යාලයෙනි
vidyalayen,විද්‍යාලයෙන්
vidyalayehi,විද්‍යාලයෙහි
vidyalayedi,විද්‍යාලයේදී
vidyalaye,විද්‍යාලයේ
vidyalayaye,විද්‍යාලයයේ
vidyalayata,විද්‍යාලයට
vidyalayaki,විද්‍යාලයකි
vidyalayakata,විද්‍යලයකට
vidyalayak,විද්යාලයක්
vidyalaya,විද්‍යාලය
vidyalawala,විද්‍යාලවල
vidyalavala,විද්‍යාලවල
vidyalatama,විද්‍යාලයටම
vidyalankara,විද්යාලංකාර
vidyala,විද්‍යාල
vidyakgnayan,විද්‍යාඥයන්
vidyagnayou,විද්‍යාඥයෝ
vidyagnayo,විද්‍යාඥයෝ
vidyagnayinta,විද්‍යාඥයින්ට
vidyagnayin,විද්යාඥයින්
vidyagnayeku,විද්‍යාඥ‍යෙකු
vidyagnayeki,විද්‍යාඥයෙකි
vidyagnayek,විද්‍යාඥයෙක්
vidyagnayaya,විද්‍යාඥයාය
vidyagnayanta,විද්‍යාඥයන්ට
vidyagnayange,විද්‍යාඥයන්ගේ
vidyagnayan,විද්‍යාඥයන්
vidyagnayakuge,විද්‍යාඥයෙකුගේ
vidyagnayaku,විද්‍යාඥ‍යෙකු
vidyagnaya,විද්‍යාඥයා
vidyagnainta,විද්‍යාඥයින්ට
vidyagna,විද්‍යාඥ
vidyagaraye,විද්‍යාගාරයේ
vidyagarayata,විද්‍යාගාරයට
vidyagarayaka,විද්‍යාගාරයකS
vidyagarayak,විද්‍යාගාරයක්
vidyagara,විද්‍යාගාර
vidyachyan,විද්‍යාඤයන්
vidyaawe,විද්‍යාවේ
vidyaawabhuu vidyaawa,විද්‍යාව භූවිද්‍යාව
vidyaawa,විද්‍යාව
vidyaathmaka,විද්‍යාත්මක
vidyaalayata,විද්‍යාලයට
vidyaalaadhipathiwarun…,විද්‍යාලාධිපතිවරුන්……
vidyaala,විද්‍යාලය
vidyaakgnayo,විද්‍යාඥයෝ
vidyaakgnayin,විද්‍යඥයින්
vidyaa,විද්‍යා
vidya,විද්‍යා
vidwathunge,විද්වතුන්ගේ
vidwathun,විද්වතුන්
vidwathaku,විද්වතකු
vidvathunge,විද්වත්වතුන්ගේ
vidvathun,විද්වතුන්
vidvathaya,විද්වතාය
vidvath,විද්වත්
viduru,වීදුරු
vidulubala,විදුලිබල
vidulu,විදුලි
viduliye,විදුලියේ
viduliya,විදුලිය
viduliu,විදුලි
viduli,විදුලි
viduili,විදුලි
viduhalpativarayeki,විදුහල්පතිවරයෙකි
viduhalpati,විදුහල්පති
viduhalpathiwarayage,විදුහල්පතිවරයාගේ
viduhalpathiwarayadi,විදුහල්පතිවරයාද
viduhalpathivarun,විදුහල්පතිවරුන්
viduhalpathithumage,විදුහල්පතිතුමාගේ
viduhalpathi,විදුහල්පති
viduhalen,විදුහලෙන්
viduhalehidi,විදුහලෙහිදී
viduhale,විදුහලේ
viduhalaka,විදුහලක
viduhalai,විදුහලයි
viduhala,විදුහල
viduhal,විදුහල්
vidudenuma,විදුදැනුම
vidrawanaya,විධ්‍රැවණය
vidos,වීඩියෝ
vidiyoo,විඩියො
vidiyo1,විඩියො1
vidiyo,විඩියො
vidiyeya,විදියේයාය
vidiye,විදියෙ
vidiyatama,විදියටම
vidiyata,විදියට
vidiyak,විදියක්
vidiya,විදිය
vidios,විඩියෝස්
vidioe,වීඩීයෝ
vidio,විඩියො
vidinu,විදිනු
vidinneanun,විදින්නෙඅනුන්
vidinnata,විදින්නට
vidimath,විධිමත්
vidimak,විදීමක්
vidihata,විදිහට
vidihak,විදිහක්
vidiha,විදිහ
vidieo,විඩියෝ
vididura,වැඩිදුර
vidi,විදි
vidhuhale,විදුහලේ
vidhrawanaya,විධ්‍රැවණය
vidhiyava,විධීයව
vidhiyakin,විධියකින්
vidhiyak,විධියක්
vidhimath,විධිමත්
vidhikrama,විධික්‍රම
vidhi,විධි
vidhayakayin,විධායකයක්
vidhayakaya,විධායකය
vidhayaka,විධායක
vidhatho,විධාතෝ
vidharshana,විදර්ශනා
vidharanaye,විධාරණයේ
vidhana,විධාන
videshya,විදේශීය
videshiya,විදේශීය
videsheeya,විදේශීය
videsha,විදේශ
vides,විදෙස්
videou,විඩියෝ
videos,විඩියෝස්
videoes,විඩියෝස්
videoda,වීඩියෝද
videoasai,ඔයාගෙ
vídeo,වීඩියෝ
video,වීඩියො
videhumkaranayak,විදැහුම්කරණයක්
videhumkaranaya,විදැහුම්කරණය
videhima,විදැහීම
videeshiya,විදේශීය
vidayumkaranaya,විදැහුම්කරණය
vidayawa,විද්‍යාව
vidayalawala,විද්‍යාලවල
vidayakaye,විධායකයේ
vidaya,විදහා
vidawa,විඩාව
vidarshanayathmaka,විදර්ශනාත්මක
vidarshana,විදර්ශනා
vidala,විදල
vidahumkaranaya,විදැහුම්කරණය
vidahumkarana,විදැහුම්කරණය
vidaha,විදහා
vida,විදා
vid,විඩියෝ
victoriya,වික්ටෝරියා
victoria,වික්ටෝරියා
victor,වික්‌ටර්
vichitthravath,විචිත්‍රවත්
vichithrangaya,විචිත්‍රාංගය
vichithra,විචිත්‍ර
vichikichcha,විචිකිච්ඡා
vichchedyayan,විච්ඡේද්‍යයන්
vichchedya,විච්ඡේද්‍යය
vichchedanayak,විච්ඡේදනයක්
vicharayak,විචාරයක්
vicharanayakin,විචාරණයකින්
vicharanayak,විචාරණයක්
vicharanaya,විචාරණය
vicharakayo,විචාරකයෝ
vicharakayin,විචාරකයින්
vicharakayan,විචාරකයන්
vicharakaange,විචාරකයන්ගේ
vicharaka,විචාරක
vichalyaya,විචල්‍යය
vichalyatha,විචල්‍යතා
vichalya,විචල්‍ය
vichalanayakata,විචලනයකට
vichalanayak,විචලනයක්
vichalanaya,විචලනය
vichalaha,විචාලහ
vicalanayan,විචලනයන්
vibhranthiya,විභ්‍රාන්තිය
vibhoothi,විභූති
vibhishana,විභිෂණ
vibhedanayen,විභේද‍නයෙන්
vibhedanaya,විභේදනය
vibhedana,විභේදන
vibhawaya,විභවය
vibhawa,විභව
vibhavaya,විභවය
vibhava,විභව
vibhajanayata,විභාජනයට
vibhajanayak,විභාජනයක්
vibhajana,විභාජන
vibhagayen,විභාගයෙන්
vibhagayak,විභාගයක්
vibhagaya,විභාගය
vibhaga,විභාග
vibedhaka,විභේදක
vibage,විබාගෙ
vibagagen,විබාගගෙන්
vibaga,විබාග
viati,වීඇති
viara,විහාරා
viani,වියානි
viana,විඅන
viadhumkaranaya,විදැහුම්කරණය
vi20ja,වි20ජා
vi,වී
vha,වහ
vge,වගේ
vga,වගෙ
veyi,වෙයි
veyapta,වියාප්ත
veya,විය
vewa,වැව
vevvala,වැව්වල
vevime,වැවීම
vevili,වැවිලි
vevehi,වැවෙහි
veve,වැව
vevak,වැවක්
veva,වේවා
vev,වැව්
vetupen,වැටුපෙන්
vetup,වැටුප්
vetunu,වැටුණු
vetune,වැටුණේ
vetri,වෙට්ට්‍රි
vetiyakda,වැටියක්ද
vetinut,වෙතිනුත්
vetin,වෙතින්
vetimedi,වැටීමේදී
vetima,වැටීම
veti,වැටී
vethin,වෙතින්
vethi,වෙති
vethath,වෙතත්
vetharak,විතරක්
vethanaya,චේතනය
vetha,වෙත
vetetheyi,වැටෙතැයි
vetena,වැටෙන
vete,වැටේ
vetaya,වෙතය
vetata,වෙතට
vetarai,විතරයි
vetahim,වැටහීම්
veta,වෙත
vesuma,වැසුම
vesmuhunuvirodhi,වෙස්මුහුණුවිරෝධී
vesmuhuna,වෙස්මුහුණ
vesmak,වැස්මක්
vesma,වැස්ම
vesiyange,වැසියන්ගේ
vesiyan,වැසියන්
vesiwalata,වැසිවලට
vesikili,වැසිකිලි
vesi,වැසි
vesesinma,වෙසෙසින්ම
vesena,වෙසෙන
vesal,විසල්
vesak,වෙසක්
ves,වෙස්‌
very,වෙරි
verse,වර්ස්
verification,වෙරිෆිකේශන්
veri,වෙරි
vereddakata,වැරැද්දකට
vereddak,වැරැද්දක්
veralehi,වෙරළෙහි
veralata,වෙරළට
veralashritha,වෙරළාශ්‍රිත
veralasanna,වෙරළාසන්න
veralantha,වෙරළාන්ත
veralabada,වෙරළබඩ
verala,වෙරළ
verakras,වෙරක්‍රස්
veradikaruwan,වැරදිකරුවන්
veradi,වැරදි
vera,වෙර
venvt,වෙනවට
venvima,වෙන්විම
venvena,වෙන්වෙන
venva,වෙන්ව
venuwen,වෙනුවෙන්
venuwata,වෙනුවට
venuvenda,වෙනුවෙන්ද
venuven,වෙනුවෙන්
venuvata,වෙනුවට
venta,වෙන්ටා
venne,වෙන්නෙ
vennat,වෙන්නත්
venna,වෙන්න
venkara,වෙන්කර
veniya,වැනිය
venila,වැනිලා
veniciye,වැනීසියේ
veni,වැනි
venessuda,මිනිස්සුද
vendumpindum,වැඳුම්පිදුම්
vendumbu,වැන්දඹු
vendum,වැඳුම්
vendoth,වැන්දොත්
vendambuwa,වැන්දඹුව
vendakalin,වෙන්නකලින්
venda,වෙන්ඩ
venawa,වෙනව
venavarathu,වෙනවරතු
venavae,වෙනවඒ
venavada,වෙනවද
venava,වෙනවා
venath,වෙනත්
venat,වෙනත්
venasvimata,වෙනස්වීමට
venasvana,වෙනස්වන
venaskamak,වෙනස්කමක්
venaskam,වෙනස්කම්
venase,වෙනස
venasakin,වෙනසකින්
venasakata,වෙනසකට
venasak,වෙනසක්
venasa,විනාස
venas,වෙනස්
venama,වෙනම
venakota,වෙනකොට
vena,වෙන
ven,වෙන්
vemu,වෙමු
vemin,වෙමින්
vemi,වෙමි
velvanaya,වෑල්වනය
velupille,වේළුපිල්ලේ
velumehi,වෙළුමෙහි
velum,වෙළුම්
velsli,වෙල්ස්ලි
vellosireptor,වෙලෝසිරැප්ටර්
vellosireptarayan,වෙලෝසිරැප්ටරයන්
vellassa,වෙල්ලස්ස
vella,වේල්ල
veli,වැලි
velendan,වෙළෙනඳන්
velendamate,වෙළඳාමට
velendama,වෙළඳාම
velendaku,වෙළෙන්දකු
velenda,වෙළෙඳ
velekvime,වැළැක්වීමේ
velekvimata,වැළැක්වීමට
velawata,එකම
velawakata,වේලාවකට
velaven,වේලාවෙන්
velave,වෙලාවේ
velavan,වේලාවන්
velavak,වේලාවක්
velava,වේලාව
velath,වෙලත්
velasaninma,වේලාසනින්ම
velapima,වැළැපීම
velandam,වෙළඳාම්
velandagena,වැළඳගෙන
velanda,වෙළඳ
velali,වැළලී
velaki,වැළකී
velak,වේලක්
velai,වෙලයි
velagatteya,වෙලාගත්තේය
veladunda,වෙළඳුන්ට
veladapola,වෙලදපොලා
veladamata,වෙළදාමට
veladama,වෙළෙදාම
velada,වෙළඳ
velaa,වෙලා
vela,වෙලා
vel,වේල්
vekara,විකාර
vei,වෙයි
veheri,වැහැරී
veherata,වෙහෙරට
vehera,වෙහෙර
vehelu,විහිලු
vegetarian,වෙජිටේරියන්
vege,වෙගෙ
vegayen,වේගයෙන්
vegayehi,වේගයෙහි
vegayayi,වේගයයි
vegayata,වේගයට
vegayakin,වේගයකින්
vegayak,වේගයක්
vegaya,වේගය
vegavathma,වේගවත්ම
vega,වේග
veerayyage,වීරයියාගේ
veeraya,වීරයා
veerawarayata,වීරවරයාට
veeravarayeki,වීරවරයෙකි
veerata,වීරාට
veerage,වීරාගේ
veera,වීර
veeme,වීමේ
veemaya,වීමය
veematada,වීමටද
veemata,වීමට
veemai,වීමයි
veema,වීම
veegayen,වේගයෙන්
veediyo,වීඩියො
veediyehiya,වීදියෙහිය
veediyatta,වීඩියට
veedio,වීඩියෝ
veedi,වීධි
vee,වී
vedunu,වැදුනු
vedune,වැඩුණේ
vedu,වැඩූ
vedk,වැඩක්
vedjet,වැඩ්ජෙට්
vediyos,විඩියෝස්
vediyo,විඩියො
vediviya,වැඩිවිය
vedivimath,වැඩිවිමත්
vedivimak,වැඩිවීමක්
vedivima,වැඩිවීම
vedivemin,වැඩිවෙමින්
vedivathma,වැඩිවත්ම
vedivana,වැඩිවන
veditha,වේදිත
vedita,වේදිත
vedipura,වැඩිපුර
vedios,විඩියෝ
vedio,විඩියො
vedime,වැදීමේ
vedimanath,වැඩිමනත්
vedimalma,වැඩිමහල්ම
vedimal,වැඩිමහල්
vedima,වැඩිම
vedikave,වේදිකාවේ
vedihitiyo,වැඩිහිටියෝ
vedihitiyan,වැඩිහිටියන්
vedi,වැඩි
vedesekain,විදෙශේකින්
vederum,වැදෑරුම්
vederima,වැදැරීම
vedeowak,විඩියෝවක්
vedehata,විදිහට
veddi,වෙද්දි
vedayehi,වේදයෙහි
vedaya,වේදය
vedath,වැඩත්
vedastahan,වැඩසටහන්
vedasatahanaki,වැඩසටහනකි
vedasatahana,වැඩසටහන
vedasatahan,වැඩසටහන්
vedaralage,වෙදරාළගේ
vedapole,වැ‍ඩපොළේ
vedanawangen,වේදනාවන්ගෙන්
vedanavak,වේදනාවක්
vedanava,වේදනාව
vedananashaka,වේදනානාශක
vedama,වැඩම
vedakala,වැඩකළ
vedak,වෑඩක්
vedahedakam,වෙදහෙදකම්
vedagathma,වැදගත්ම
vedagathkamak,වැදගත්කමක්
vedagathkama,වැදගත්කම
vedagath,වෑදගත්
vedagat,වෑදගත්
vedabime,වැඩබිමේ
veda,වැඩ
vebsid,වෙබ්සයිඩ්
vebensenuge,වෙබෙන්සෙනුගේ
veb,වෙබ්
ve,වේ
vdyvth,විදියට
vdo,විඩියෝ
vdiyak,විදියක්
vdio,වීඩියෝ
vchana,වචන
vaz,වාස්
vayuwa,වායුව
vayuve,වායුවේ
vayuvayi,වායුවයි
vayuvaka,වායුවක
vayun,වායුන්
vayugoliya,වායුගෝලීය
vayugolayedi,වායුගෝලයෙදී
vayugolaye,වායුගෝලයේ
vayugolayata,වායු‍ගෝලයට
vayugolaya,වායු ගෝලය
vayu,වායු
vaysa,වයස
vayn,වයින්
vayasehidi,වයසෙහිදී
vayasata,වයසට
vayasa,වයස
vayas,වයස්
vayanu,වයනු
vayanaya,වයනය
vayamo,වායාමෝ
vayamin,වයමින්
vayambadiga,වයඹදිග
vaya,වයා
vawatharuwana,වේවාතෙරුවන්
vavehi,වැවෙහි
vavalata,වවලට
vavada,වැවද
vava,වැව
vav,වැව්
vatuna,වටින
vattu,වාට්ටු
vattoru,වට්ටෝරු
vattava,වට්ටවා
vatta,වට්ට
vatiyayi,වාටියයි
vatiyak,වැටියක්
vatinawa,වටිනව
vatinama,වටිනවා
vatinakamin,වටිනාකමින්
vatinakamak,වටිනාකමක්‌
vatinaa,වටිනා
vatina,වටින
vatima,වැටීම
vatila,වටිල
vatika,වටික
vati,වැටි
vathuren,වතුරෙන්
vathura,වතුර
vathu,වතු
vathman,වත්මන්
vathkamak,වත්කමක්
vathaye,වාතයේ
vathaya,වාතය
vathavata,වතාවට
vathavak,වතාවක්ව
vathabadha,වාතාබාධ
vatenne,වැටෙන්නේ
vate,වටේ
vataye,වටයේ
vataya,වටය
vatavak,වතාවක්
vatapitava,වටපිටාව
vataleme,වලෑමේ
vatalema,වටලෑම
vatakeiya,වෑටකෙයිය
vatahagena,වටහාගෙන
vataha,වටහා
vatadageyi,වටදාගෙයි
vata,වටා
vasum,වැසුම්
vasuli,වාසුළි
vasu,වාසු
vastuvaki,වස්තුවකි
vastuvak,වස්තුවක්
vastuva,වස්තුව
```text
valakwa,වලක්වා
valakulu,වලාකුළු
valadi,වලදී
valadannata,වළදන්නට
valada,වලද
valaaskeris,වලඇස්කේරිස්
vala,වල
vakyansaya,වාක්‍යාංශය
vakyak,වාක්‍යයක්
vakya,වාක්‍ය
vakutu,වකුටු
vakraye,වක්‍රයේ
vakishta,වාකිෂ්ඨ
vak,වක්
vajirabuddhi,වජිරබුද්ධි
vajira,වජිර
vaishali,වෛශාලී
vairochana,වෛරෝචන
vairaya,වෛරය
vairasayen,වෛරසයන්
vairasayehi,වෛරසයෙහි
vairasayak,වෛරසයක්
vairasaya,වෛරසය
vairas,වයිරස්
vaira,වෛර
vain,වයින්
vaikunthaya,වෛකුන්තය
vaidyu,වෛද්යු
vaidyawarun,වෛද්‍යවරුන්
vaidyawarayeku,වෛද්‍යවරයෙකු
vaidyavarun,වෛද්‍යවරුන්
vaidyavariyaka,වෛද්‍යවරියක
vaidyavarayek,වෛද්‍යවරයෙක්
vaidyamaya,වෛද්‍යමය
vaidyakrama,වෛද්‍යක්‍රම
vaidyakeetrhi,වෛද්‍යකීර්ති
vaidya,‍වෛද්‍ය
vaidika,වෛදික
vahini,වාහිනී
vaharugatha,වහරුගත
vaharugath,වාහරුගත
vahare,වහරේ
vahanseyi,වහන්සේයි
vahansetaya,වහන්සේටය
vahansetath,වහන්සේටත්
vahanseta,වහන්සෙට
vahanselata,වහන්සේලාට
vahanselagen,වහන්සේලාගෙන්
vahansela,වහන්සේලා
vahansege,වහන්සේගේ
vahansega,වහන්සේගේ
vahanse,වහන්සේ
vahanaya,වාහනය
vahana,වාහන
vahalun,වහලුන්
vahalkadaye,වාහල්කඩයේ
vahalak,වහළක්‌
vahakayan,වාහකයන්
vahaka,වාහක
vahahse,වහන්සේ
vagmalava,වාග්මාලාව
vagirimak,වැගිරීමක්
vagema,වගේම
vageigodak,වගේගොඩක්
vage,වගෙ
vagawen,වගාවෙන්
vagawe,වගාවේ
vagawa,වගාව
vagavan,වගාවන්
vagava,වගාව
vagantiye,වගන්තියේ
vagantiya,වගන්තිය
vaganthu,වගන්ති
vaganthiye,වගන්තියේ
vaganthi,වගන්ති
vagakima,වගකීම
vagakim,වගකිම්
vaga,වග
væv,වැව්
vaedahi,වැෙඩහි
vadiyi,වදියි
vadiya,වැඩිය
vadivana,වැඩිවන
vadina,වදින
vadima,වැඩිම
vadihiti,වැඩිහිටි
vadidura,වැඩිදුර
vadi,වෑඩී
vadetama,වෑඩේටම
vadenam,වැඩේනම්
vade,වෑඩේ
vadayangen,වාදයන්ගෙන්
vadatma,වඩාත්ම
vadathma,වඩාත්ම
vadath,වඩාත්
vadat,වඩාත්
vadasatahan,වැඩසටහන්
vadarana,වදාරන
vadara,වදාරා
vadanwala,වදන්වල
vadanna,වඩන්න
vadanaya,වාදනය
vadana,වදන
vadan,වදන්
vadamavagena,වඩමවාගෙන
vadakayage,වාදකයාගේ
vadakaya,වාදකයා
vadak,වෑඩක්
vadagatvana,වැදගත්වන
vadagatkama,වැදගත්කම
vadagathe,වෑදගත්
vadagath,වෑදගත්
vadagat,වැදගත්
vadadiya,වඩදිය
vada,වඩ
vachikawa,වාචිකව
vachika,වාචික
vachanaye,වචනයේ
vachanayaki,වචනයකි
vachanayak,වචනයක්
vachanaya,වචනය
vachanarthayenma,වචනාර්ථයෙන්ම
vachanarthayen,වචනාර්ථයෙන්
vachananusaryen,වචනානුසාරයෙන්
vachana,වචන
vacancy,වේකන්සි
vacahana,වචන
vaas,වාස්
vaana,වාන
vaagmalawa,වාග්මාලාව
va,ව
v,විඩියෝ
uyudewwan,යුදෙව්වන්
uyannama,උයන්නම
uyanna,උයන්න
uyankota,උයනකොට
uyanehi,උයනෙහි
uyana,උයන
uyan,උයන්
uyaddi,උයද්දි
uya,උය
uwath,උවත්
uwamanawan,වුවමනාවන්
uwamana,වුවමනා
uwais,UWAIS
uwaduru,උවදුරු
uwada,උවද
uwa,වූවා
uvradar,UVරේඩාර්
uvindu,උවින්ඩු
uvaduru,උවදුරු
uva,ඌව
uv,UV
uuta,උඋට
uurbe,ඌර්බෙ
uurakuge,ඌරකුගේ
uunata,උනාට
uudukayata,උඩුකයට
uturu,උතුරු
uture,උතුරේ
utum,උතුම්
utuhi,ඌටිහි
utthhejanaya,උත්තේජනය
utthejanayak,උත්තේජනයක්
utthejanaya,උත්තේජනය
utthejana,උත්තේජන
uttharitthara,උත්තරීතර
uttharaguththa,උත්තරගුත්ත
uttharadarajah,උත්තරදරාජා
utthara,උත්තර
utthar,උත්තර්
utthanikammang,උත්‌තානීකම්‌මං
utthama,උත්තම
uttarey,උත්තර
uttara,උටටර
utsavayakadi,උත්සවයකදි
utsahayen,උත්සහයෙන්
utsahayan,උත්සාහයන්
utsaha,උත්සාහ
utpatti,උත්පත්ති
utiye,ඌටියේ
uthwasayakata,උත්සවයකට
uthuya,යුතුය
uthuwei,යුතුවේ
uthuvankande,උතුවන්කන්දේ
uthurunengenahira,උතුරුනැගෙනහිර
uthurumula,උතුරුමුළ
uthurumeda,උතුරුමැද
uthuru saluwak,උතුරුසළුවක්
uthuru,උතුරු
uthurin,උතුරින්
uthure,උතුරේ
uthurata,උතුරට
uthura,උතුර
uthumange,උතුමන්ගේ
uthumanange,උතුමාණණ්ෙග්
uthum,උතුම්
uthu,උතුම්
uththtama,උත්තම
uththo,උත්තො
uththejayana,උත්තේජනය
uththejanaya,උත්තේජනය
uththejaka,උත්තේජක
uththayajanaya,උත්ත්‍යජනය
uththarithara,උත්තරීතර
uththareethara,උත්තරීතර
uththara,උත්තර
uththanikamman,උත්‌තානීකම්‌මං
uththamo,උත්‍තමො
uththama,උත්තම
uththaanaya,උත්ථානය
uthtara,උත්තර
uthsuka,උත්සුක
uthshym,උත්සහයම
uthshrenigatha,උත්ශ්රේණිගත
uthsayath,උත්සාහයත්
uthsaya,උත්සාහ
uthsawayata,උත්සවයට
uthsawaya,උත්සයව
uthsawashriyen,උස්සවශ්‍රීයෙන්
uthsawakarayen,උත්සවාකාරනේ
uthsawakara,උත්සවාකාර
uthsawakadi,උත්සවයකදී
uthsawa,උත්සව
uthsavayedi,උත්සවයේදි
uthsavaye,උත්සවයේ
uthsavaya,උත්සවය
uthsava,උත්සව
uthsasaya,උත්සවය
uthsaka,උත්සාහ
uthsahayenma,උත්සාහයෙන්ම
uthsahayedi,උත්සාහයේදී
uthsahayan,උත්සාහයන්
uthsahayakata,උත්සාහයකට
uthsahayaka,උත්සාහයක
uthsahayak,උත්සහයක්
uthsahaya,උත්සාහය
uthsahawath,උත්සහවන්ත
uthsahavanthai,උත්සහවන්තයි
uthsaha,උත්සහ
uthsaahayan,උත්සාහයන්
uthsaaha,උත්සාහ
uthpreranaya,උත්ප්‍රේරණය
uthprerakaya,උත්ප්‍රේරකය
uthpreraka,උත්ප්‍රේරක
uthprekayak,උත්ප්‍රේරකයක්
uthpatthi,උත්පත්ති
uthpaththiye,උත්පත්තියේ
uthpadanaya,උත්පාදනය
uthpadaka,උත්පාදක
uthkrushtavath,උත්කෘෂ්ඨවත්
uthkrushta,උත්කෘෂ්ඨ
uthkramaaki,උත්ක්‍රමයකි
uthkarshawath,උත්කර්ෂවත්
utharithara,උත්තර
utharayak,උත්තරයක්
uth,වුත්
utc,UTC
uta,උට
ut1,UT1
ut  යනු,UT  යනු
usulu,උසුළු
usulanuye,උසුලනුයේ
usulanu,උසුලනු
usulana,උසුලන
usula,උසුලා
ussukkan,උස්‌සුක්‌කං
ussn,උස්සන්
ussawa,ඉස්සවා
ussangoda,උස්සන්ගොඩ
ussan,උස්සන්
ussahaya,උත්සහය
ussaddi,උස්සද්දි
usmattame,උස්මට්ටමේ
usin,උසින්
ushnathywa,උෂ්ණත්වය
ushnathwayen,උෂ්ණත්වයෙන්
ushnathwayedi,උෂ්ණත්වයේදී
ushnathwayath,උෂ්ණත්වයත්
ushnathwayata,උෂ්ණත්වයට
ushnathwayan,උෂ්ණත්වයන්
ushnathwayakadi,උෂ්ණත්වයකදී
ushnathwayaka,උෂ්ණත්වයක
ushnathwayak,උෂ්ණත්වයක්
ushnathwaya,උෂ්ණත්වය
ushnathwa,උෂ්ණත්වය
ushnathvaye,උෂ්ණත්වයේ
ushnathvayata,උෂ්නත්වයට්
ushnathvaya,උෂ්ණත්වය
ushnathva,උෂ්ණත්ව
ushnatheth,උෂ්ණතෙත්
ushnadikaweemai,උෂ්ණාධිකවීමයි
ushnadikama,උෂ්ණාධිකම
ushna,උෂ්ණ
usethi,උසැති
usersavet,උසර්සැටෙට්
use,යූස්
usbimaka,උස්බිමක
usawiye,උසාවියේ
usawiya,උසාවිය
usathi,උසැති
usatada,උසටද
usata,උසට
usasya,උසස්ය
usasvimak,උසස්වීමක්
usasma,උසස්ම
usaskota,උසස්කොට
usas,උසස්
usarsatew,උසර්සැටෙට්
usarsatet,උසර්සැටෙට්
usama,උසම
usakin,උසකින්
usakata,උසකට
usak,උසක්
usa,උස
us,යූස්
urvasthiya,ඌර්වස්ථිය
uruwela,උරුවේල
uruwel,උරුවෙල්
urumaye,උරුමයේ
urumayan,උරුමයන්
urumayak,උරුමයක්‌
urumaya,උරුමය
urumana,උරුමය
urumakkaruweki,උරුමක්කරුවෙකි
urumakaru,උරුමකරු
urumakara,උරුමකර
urumakam,උරුමකම්
urumak,උරුමක්
uruma,උරුම
uruguwe,උරුගුවේ
uruguay,උරැගුවායි
uru,ඌරු
urta,ඌට
urosthi,උරෝස්ථි
urjith,අර්ජිත්
urenium,යුරේනියම්
ureni,යුරෙනි
urdwahanuka,ඌර්ධ්වහනුක
urdu,උර්දු
urdhvahanuka,ඌර්ධ්වහනුක
urdhvahanuja,ඌර්ධ්වහනුක
urdhawahanuka,ඌර්ධවහනුක
urbe,ඌර්බෙ
urbanu,උර්බානු
urasa,උරස
uras,උරස්
urapathuwa,උරපතුව
urapathu,උරපතු
uranta,ඌරන්ට
uranium,යුරේනියම්
urani,යුරනි
uran,ඌරන්
urageneema,උරාගැනීම
uragayange,උරගයන්ගෙ
uragayan,උරගයන්
uradun,උරදුන්
uradena,උරදෙන
urabimata,උරාබීමට
urabeema,උරාබීම
